region,provincia,distrito,dni,candidato,esvalido
Áncash,Asunción,Chacas,81122156,Eddie Hinesley,1
Áncash,Asunción,Chacas,20398144,Paula Daigle,1
Áncash,Asunción,Chacas,33656332,Aundrea Grace,0
Áncash,Asunción,Chacas,46615862,Robert Redmond,0
Áncash,Asunción,Chacas,62329211,Aundrea Grace,0
Áncash,Asunción,Chacas,86085915,Jamie Mitchell,1
Áncash,Asunción,Chacas,83514019,Theresa Waterer,1
Áncash,Asunción,Chacas,53247316,Paula Daigle,1
Áncash,Asunción,Chacas,13185070,Paula Daigle,0
Áncash,Asunción,Chacas,25303653,Theresa Waterer,1
Áncash,Asunción,Chacas,46861921,Stephen Jankowski,1
Áncash,Asunción,Chacas,66780789,Dennis Reyna,0
Áncash,Asunción,Chacas,32980984,Stephen Jankowski,0
Áncash,Asunción,Chacas,75415447,Eddie Hinesley,0
Áncash,Asunción,Chacas,22497067,Eddie Hinesley,1
Áncash,Asunción,Chacas,45031559,Paula Daigle,0
Áncash,Asunción,Chacas,47221329,Jamie Mitchell,1
Áncash,Asunción,Chacas,30636366,Stephen Jankowski,1
Áncash,Asunción,Chacas,21203139,Aundrea Grace,0
Áncash,Asunción,Chacas,81959978,Eddie Hinesley,0
Áncash,Asunción,Chacas,31638469,Aundrea Grace,0
Áncash,Asunción,Chacas,41993269,Eddie Hinesley,1
Áncash,Asunción,Chacas,48458875,Eddie Hinesley,1
Áncash,Asunción,Chacas,88060806,Robert Redmond,1
Áncash,Asunción,Chacas,58250919,Dennis Reyna,0
Áncash,Asunción,Chacas,35052977,Robert Redmond,0
Áncash,Asunción,Chacas,12945416,Theresa Waterer,0
Áncash,Asunción,Chacas,29003184,Theresa Waterer,0
Áncash,Asunción,Chacas,64655614,Jamie Mitchell,0
Áncash,Asunción,Chacas,80939259,Aundrea Grace,1
Áncash,Asunción,Chacas,47600842,Paula Daigle,0
Áncash,Asunción,Chacas,35310571,Dennis Reyna,1
Áncash,Asunción,Chacas,72008116,Eddie Hinesley,0
Áncash,Asunción,Chacas,37311182,Jamie Mitchell,1
Áncash,Asunción,Chacas,84205581,Robert Redmond,0
Áncash,Asunción,Chacas,40175425,Paula Daigle,0
Áncash,Asunción,Chacas,86845275,Stephen Jankowski,1
Áncash,Asunción,Chacas,27996548,Aundrea Grace,0
Áncash,Asunción,Chacas,62763834,Eddie Hinesley,1
Áncash,Asunción,Chacas,56346511,Robert Redmond,1
Áncash,Asunción,Chacas,70349408,Theresa Waterer,1
Áncash,Asunción,Chacas,23131393,Aundrea Grace,0
Áncash,Asunción,Chacas,86232859,Aundrea Grace,0
Áncash,Asunción,Chacas,80972176,Paula Daigle,1
Áncash,Asunción,Chacas,36757415,Robert Redmond,0
Áncash,Asunción,Chacas,15509895,Jamie Mitchell,1
Áncash,Asunción,Chacas,45890050,Aundrea Grace,1
Áncash,Asunción,Chacas,74778471,Robert Redmond,0
Áncash,Asunción,Chacas,57307994,Paula Daigle,0
Áncash,Asunción,Chacas,68957666,Jamie Mitchell,0
Áncash,Asunción,Chacas,43500945,Dennis Reyna,1
Áncash,Asunción,Chacas,47085074,Eddie Hinesley,0
Áncash,Asunción,Chacas,19612978,Robert Redmond,0
Áncash,Asunción,Chacas,34327007,Dennis Reyna,1
Áncash,Asunción,Chacas,30076717,Stephen Jankowski,1
Áncash,Asunción,Chacas,63078789,Jamie Mitchell,0
Áncash,Asunción,Chacas,20182621,Eddie Hinesley,0
Áncash,Asunción,Chacas,48387320,Stephen Jankowski,0
Áncash,Asunción,Chacas,14538660,Dennis Reyna,0
Áncash,Asunción,Chacas,87462310,Paula Daigle,0
Áncash,Asunción,Chacas,24531738,Stephen Jankowski,0
Áncash,Asunción,Chacas,60730297,Dennis Reyna,1
Áncash,Asunción,Chacas,40842533,Robert Redmond,0
Áncash,Asunción,Chacas,33864342,Eddie Hinesley,0
Áncash,Asunción,Chacas,40737664,Theresa Waterer,0
Áncash,Asunción,Chacas,81569155,Robert Redmond,0
Áncash,Asunción,Chacas,74151321,Dennis Reyna,0
Áncash,Asunción,Chacas,30225393,Aundrea Grace,1
Áncash,Asunción,Chacas,18438745,Dennis Reyna,1
Áncash,Asunción,Chacas,59611642,Jamie Mitchell,1
Áncash,Asunción,Chacas,69530498,Paula Daigle,0
Áncash,Asunción,Chacas,36534320,Dennis Reyna,1
Áncash,Asunción,Chacas,36208538,Dennis Reyna,1
Áncash,Asunción,Chacas,22263736,Paula Daigle,0
Áncash,Asunción,Chacas,22875696,Jamie Mitchell,0
Áncash,Asunción,Chacas,72779747,Stephen Jankowski,0
Áncash,Asunción,Chacas,34482161,Eddie Hinesley,1
Áncash,Asunción,Chacas,39785243,Jamie Mitchell,1
Áncash,Asunción,Chacas,88744510,Dennis Reyna,0
Áncash,Asunción,Chacas,73740167,Paula Daigle,1
Áncash,Asunción,Chacas,63749099,Eddie Hinesley,1
Áncash,Asunción,Chacas,46726038,Dennis Reyna,1
Áncash,Asunción,Chacas,25316682,Eddie Hinesley,1
Áncash,Asunción,Chacas,55536825,Paula Daigle,0
Áncash,Asunción,Chacas,57584282,Dennis Reyna,0
Áncash,Asunción,Chacas,14195480,Eddie Hinesley,0
Áncash,Asunción,Chacas,13366124,Eddie Hinesley,1
Áncash,Asunción,Chacas,84723121,Robert Redmond,1
Áncash,Asunción,Chacas,32162199,Paula Daigle,1
Áncash,Asunción,Chacas,25312912,Theresa Waterer,1
Áncash,Asunción,Chacas,69680884,Eddie Hinesley,0
Áncash,Asunción,Chacas,85966949,Paula Daigle,1
Áncash,Asunción,Chacas,32580986,Dennis Reyna,1
Áncash,Asunción,Chacas,49023669,Jamie Mitchell,1
Áncash,Asunción,Chacas,82085915,Jamie Mitchell,1
Áncash,Asunción,Chacas,79372868,Eddie Hinesley,1
Áncash,Asunción,Chacas,62099416,Dennis Reyna,0
Áncash,Asunción,Chacas,42610290,Eddie Hinesley,1
Áncash,Asunción,Chacas,32939343,Jamie Mitchell,1
Áncash,Asunción,Chacas,61462513,Paula Daigle,1
Áncash,Asunción,Chacas,70990869,Robert Redmond,1
Áncash,Asunción,Chacas,40778467,Jamie Mitchell,1
Áncash,Asunción,Chacas,32914013,Paula Daigle,1
Áncash,Asunción,Chacas,40966743,Eddie Hinesley,0
Áncash,Asunción,Chacas,47289528,Theresa Waterer,0
Áncash,Asunción,Chacas,34802063,Aundrea Grace,0
Áncash,Asunción,Chacas,64533053,Theresa Waterer,0
Áncash,Asunción,Chacas,28344833,Eddie Hinesley,1
Áncash,Asunción,Chacas,11382959,Stephen Jankowski,0
Áncash,Asunción,Chacas,46747813,Stephen Jankowski,0
Áncash,Asunción,Chacas,83201345,Paula Daigle,0
Áncash,Asunción,Chacas,42004526,Dennis Reyna,0
Áncash,Asunción,Chacas,20383296,Robert Redmond,0
Áncash,Asunción,Chacas,59225119,Aundrea Grace,1
Áncash,Asunción,Chacas,46994671,Stephen Jankowski,1
Áncash,Asunción,Chacas,27387036,Paula Daigle,1
Áncash,Asunción,Chacas,84942799,Dennis Reyna,0
Áncash,Asunción,Chacas,81378684,Robert Redmond,1
Áncash,Asunción,Chacas,78993451,Stephen Jankowski,0
Áncash,Asunción,Chacas,55742717,Robert Redmond,0
Áncash,Asunción,Chacas,36034006,Stephen Jankowski,1
Áncash,Asunción,Chacas,67166028,Eddie Hinesley,1
Áncash,Asunción,Chacas,46436817,Aundrea Grace,0
Áncash,Asunción,Chacas,47958692,Eddie Hinesley,1
Áncash,Asunción,Chacas,22927145,Robert Redmond,1
Áncash,Asunción,Chacas,62061068,Stephen Jankowski,1
Áncash,Asunción,Chacas,55205219,Paula Daigle,0
Áncash,Asunción,Chacas,13972407,Stephen Jankowski,1
Áncash,Asunción,Chacas,30641098,Jamie Mitchell,1
Áncash,Asunción,Chacas,87620884,Stephen Jankowski,1
Áncash,Asunción,Chacas,36590437,Paula Daigle,1
Áncash,Asunción,Chacas,38585607,Jamie Mitchell,0
Áncash,Asunción,Chacas,17659828,Theresa Waterer,0
Áncash,Asunción,Chacas,32354056,Robert Redmond,1
Áncash,Asunción,Chacas,76041164,Robert Redmond,1
Áncash,Asunción,Chacas,82224782,Theresa Waterer,1
Áncash,Asunción,Chacas,84525540,Robert Redmond,0
Áncash,Asunción,Chacas,29276979,Theresa Waterer,1
Áncash,Asunción,Chacas,69818606,Theresa Waterer,1
Áncash,Asunción,Chacas,36354227,Eddie Hinesley,0
Áncash,Asunción,Chacas,20637033,Aundrea Grace,0
Áncash,Asunción,Chacas,45250984,Theresa Waterer,1
Áncash,Asunción,Chacas,21864793,Paula Daigle,0
Áncash,Asunción,Chacas,80661562,Eddie Hinesley,1
Áncash,Asunción,Chacas,72249514,Aundrea Grace,1
Áncash,Asunción,Chacas,76842670,Theresa Waterer,1
Áncash,Asunción,Chacas,73393454,Jamie Mitchell,0
Áncash,Asunción,Chacas,32725782,Paula Daigle,0
Áncash,Asunción,Chacas,33411233,Aundrea Grace,0
Áncash,Asunción,Chacas,70284558,Theresa Waterer,0
Áncash,Asunción,Chacas,74196759,Theresa Waterer,0
Áncash,Asunción,Chacas,69652107,Jamie Mitchell,0
Áncash,Asunción,Chacas,73884936,Stephen Jankowski,0
Áncash,Asunción,Chacas,34602434,Paula Daigle,0
Áncash,Asunción,Chacas,28319151,Paula Daigle,1
Áncash,Asunción,Chacas,88999186,Jamie Mitchell,1
Áncash,Asunción,Chacas,44931194,Eddie Hinesley,1
Áncash,Asunción,Chacas,78113324,Theresa Waterer,0
Áncash,Asunción,Chacas,87406020,Aundrea Grace,1
Áncash,Asunción,Chacas,75604944,Paula Daigle,1
Áncash,Asunción,Chacas,10088139,Dennis Reyna,0
Áncash,Asunción,Chacas,15458134,Paula Daigle,0
Áncash,Asunción,Chacas,28286371,Dennis Reyna,0
Áncash,Asunción,Chacas,39627421,Aundrea Grace,1
Áncash,Asunción,Chacas,43287199,Aundrea Grace,1
Áncash,Asunción,Chacas,71193609,Robert Redmond,0
Áncash,Asunción,Chacas,86972470,Eddie Hinesley,1
Áncash,Asunción,Chacas,81254311,Aundrea Grace,0
Áncash,Asunción,Chacas,72414851,Dennis Reyna,0
Áncash,Asunción,Chacas,80073928,Stephen Jankowski,1
Áncash,Asunción,Chacas,78557278,Jamie Mitchell,1
Áncash,Asunción,Chacas,66054428,Theresa Waterer,0
Áncash,Asunción,Chacas,65272060,Aundrea Grace,1
Áncash,Asunción,Chacas,53320956,Paula Daigle,1
Áncash,Asunción,Chacas,76701875,Robert Redmond,0
Áncash,Asunción,Chacas,86978125,Dennis Reyna,1
Áncash,Asunción,Chacas,12481796,Theresa Waterer,0
Áncash,Asunción,Chacas,59292294,Theresa Waterer,1
Áncash,Asunción,Chacas,78724942,Jamie Mitchell,0
Áncash,Asunción,Chacas,15398367,Theresa Waterer,1
Áncash,Asunción,Chacas,59806617,Paula Daigle,0
Áncash,Asunción,Chacas,67755297,Paula Daigle,1
Áncash,Asunción,Chacas,66067412,Eddie Hinesley,1
Áncash,Asunción,Chacas,56561586,Aundrea Grace,1
Áncash,Asunción,Chacas,17989813,Theresa Waterer,0
Áncash,Asunción,Chacas,58328582,Dennis Reyna,1
Áncash,Asunción,Chacas,66478348,Theresa Waterer,0
Áncash,Asunción,Chacas,73217924,Aundrea Grace,1
Áncash,Asunción,Chacas,81625778,Paula Daigle,0
Áncash,Asunción,Chacas,53870973,Eddie Hinesley,1
Áncash,Asunción,Chacas,74696751,Stephen Jankowski,0
Áncash,Asunción,Chacas,57315675,Jamie Mitchell,1
Áncash,Asunción,Chacas,10563784,Stephen Jankowski,0
Áncash,Asunción,Chacas,88267959,Paula Daigle,0
Áncash,Asunción,Chacas,44187319,Robert Redmond,1
Áncash,Asunción,Chacas,71252403,Paula Daigle,0
Áncash,Asunción,Chacas,60658812,Eddie Hinesley,0
Áncash,Asunción,Chacas,15670102,Paula Daigle,1
Áncash,Asunción,Chacas,18259581,Jamie Mitchell,1
Áncash,Asunción,Chacas,11527465,Eddie Hinesley,0
Áncash,Asunción,Chacas,68101159,Paula Daigle,1
Áncash,Asunción,Chacas,44651678,Eddie Hinesley,0
Áncash,Asunción,Chacas,72223171,Stephen Jankowski,0
Áncash,Asunción,Chacas,81279238,Theresa Waterer,1
Áncash,Asunción,Chacas,14270330,Robert Redmond,1
Áncash,Asunción,Chacas,84131258,Eddie Hinesley,0
Áncash,Asunción,Chacas,55635485,Stephen Jankowski,1
Áncash,Asunción,Chacas,65029914,Jamie Mitchell,1
Áncash,Asunción,Chacas,43497438,Aundrea Grace,0
Áncash,Asunción,Chacas,69572421,Theresa Waterer,0
Áncash,Asunción,Chacas,66437149,Eddie Hinesley,0
Áncash,Asunción,Chacas,41721776,Stephen Jankowski,1
Áncash,Asunción,Chacas,57419246,Theresa Waterer,0
Áncash,Asunción,Chacas,37142496,Aundrea Grace,1
Áncash,Asunción,Chacas,27934100,Aundrea Grace,0
Áncash,Asunción,Chacas,45047584,Stephen Jankowski,0
Áncash,Asunción,Chacas,13577359,Aundrea Grace,0
Áncash,Asunción,Chacas,20176528,Robert Redmond,0
Áncash,Asunción,Chacas,80334968,Dennis Reyna,0
Áncash,Asunción,Chacas,50201221,Paula Daigle,1
Áncash,Asunción,Chacas,14105713,Eddie Hinesley,0
Áncash,Asunción,Chacas,37054297,Aundrea Grace,0
Áncash,Asunción,Chacas,83402105,Robert Redmond,1
Áncash,Asunción,Chacas,51575468,Theresa Waterer,1
Áncash,Asunción,Chacas,85434930,Dennis Reyna,1
Áncash,Asunción,Chacas,26782791,Robert Redmond,0
Áncash,Asunción,Chacas,36022861,Stephen Jankowski,1
Áncash,Asunción,Chacas,48755660,Aundrea Grace,0
Áncash,Asunción,Chacas,49363215,Aundrea Grace,1
Áncash,Asunción,Chacas,53284407,Robert Redmond,1
Áncash,Asunción,Chacas,60414374,Aundrea Grace,1
Áncash,Asunción,Chacas,49495753,Dennis Reyna,0
Áncash,Asunción,Chacas,27224278,Robert Redmond,0
Áncash,Asunción,Chacas,53692684,Jamie Mitchell,1
Áncash,Asunción,Chacas,87465225,Robert Redmond,0
Áncash,Asunción,Chacas,88759678,Theresa Waterer,1
Áncash,Asunción,Chacas,65447806,Stephen Jankowski,0
Áncash,Asunción,Chacas,30255709,Aundrea Grace,0
Áncash,Asunción,Chacas,82247636,Stephen Jankowski,1
Áncash,Asunción,Chacas,55235406,Eddie Hinesley,1
Áncash,Asunción,Chacas,45995463,Eddie Hinesley,1
Áncash,Asunción,Chacas,40821404,Paula Daigle,1
Áncash,Asunción,Chacas,12408390,Eddie Hinesley,0
Áncash,Asunción,Chacas,48076521,Jamie Mitchell,1
Áncash,Asunción,Chacas,24258069,Theresa Waterer,1
Áncash,Asunción,Chacas,38056593,Aundrea Grace,1
Áncash,Asunción,Chacas,73444558,Robert Redmond,1
Áncash,Asunción,Chacas,76608567,Eddie Hinesley,1
Áncash,Asunción,Chacas,78050228,Robert Redmond,1
Áncash,Asunción,Chacas,51574039,Robert Redmond,1
Áncash,Asunción,Chacas,58236068,Theresa Waterer,1
Áncash,Asunción,Chacas,71393135,Stephen Jankowski,0
Áncash,Asunción,Chacas,12735950,Stephen Jankowski,0
Áncash,Asunción,Chacas,58684434,Dennis Reyna,1
Áncash,Asunción,Chacas,56261142,Aundrea Grace,1
Áncash,Asunción,Chacas,74490468,Robert Redmond,1
Áncash,Asunción,Chacas,73146503,Jamie Mitchell,1
Áncash,Asunción,Chacas,43524754,Dennis Reyna,1
Áncash,Asunción,Chacas,66112162,Paula Daigle,0
Áncash,Asunción,Chacas,29580093,Aundrea Grace,1
Áncash,Asunción,Chacas,42782125,Theresa Waterer,0
Áncash,Asunción,Chacas,21757451,Aundrea Grace,1
Áncash,Asunción,Chacas,19491319,Eddie Hinesley,0
Áncash,Asunción,Chacas,40134654,Aundrea Grace,0
Áncash,Asunción,Chacas,32949555,Dennis Reyna,0
Áncash,Asunción,Chacas,49954499,Paula Daigle,1
Áncash,Asunción,Chacas,39998189,Stephen Jankowski,1
Áncash,Asunción,Chacas,25787799,Stephen Jankowski,1
Áncash,Asunción,Chacas,74915220,Dennis Reyna,0
Áncash,Asunción,Chacas,82307641,Paula Daigle,0
Áncash,Asunción,Chacas,85773517,Dennis Reyna,0
Áncash,Asunción,Chacas,67048474,Dennis Reyna,0
Áncash,Asunción,Chacas,35694780,Eddie Hinesley,0
Áncash,Asunción,Chacas,79718306,Theresa Waterer,1
Áncash,Asunción,Chacas,59263687,Robert Redmond,0
Áncash,Asunción,Chacas,89649121,Stephen Jankowski,0
Áncash,Asunción,Chacas,74225404,Robert Redmond,1
Áncash,Asunción,Chacas,60944939,Eddie Hinesley,0
Áncash,Asunción,Chacas,74698448,Jamie Mitchell,0
Áncash,Asunción,Chacas,68487761,Jamie Mitchell,1
Áncash,Asunción,Chacas,31957477,Theresa Waterer,1
Áncash,Asunción,Chacas,15120875,Stephen Jankowski,0
Áncash,Asunción,Chacas,30705156,Stephen Jankowski,0
Áncash,Asunción,Chacas,77298053,Paula Daigle,0
Áncash,Asunción,Chacas,82410799,Jamie Mitchell,1
Áncash,Asunción,Chacas,85193641,Aundrea Grace,1
Áncash,Asunción,Chacas,49358590,Robert Redmond,0
Áncash,Asunción,Chacas,53955768,Eddie Hinesley,0
Áncash,Asunción,Chacas,80523747,Dennis Reyna,1
Áncash,Asunción,Chacas,17585909,Robert Redmond,1
Áncash,Asunción,Chacas,19357995,Eddie Hinesley,0
Áncash,Asunción,Chacas,70215944,Aundrea Grace,1
Áncash,Asunción,Chacas,57702343,Paula Daigle,0
Áncash,Asunción,Chacas,10630015,Jamie Mitchell,1
Áncash,Asunción,Chacas,54395734,Paula Daigle,0
Áncash,Asunción,Chacas,40274242,Eddie Hinesley,0
Áncash,Asunción,Chacas,75233379,Jamie Mitchell,0
Áncash,Asunción,Chacas,17716671,Theresa Waterer,0
Áncash,Asunción,Chacas,82008809,Jamie Mitchell,0
Áncash,Asunción,Chacas,47034241,Jamie Mitchell,0
Áncash,Asunción,Chacas,20698411,Robert Redmond,1
Áncash,Asunción,Chacas,57284452,Aundrea Grace,1
Áncash,Asunción,Chacas,78847921,Eddie Hinesley,1
Áncash,Asunción,Chacas,67565069,Jamie Mitchell,1
Áncash,Asunción,Chacas,89198321,Eddie Hinesley,1
Áncash,Asunción,Chacas,76114467,Eddie Hinesley,1
Áncash,Asunción,Chacas,15886996,Robert Redmond,0
Áncash,Asunción,Chacas,64982388,Theresa Waterer,0
Áncash,Asunción,Chacas,50804358,Dennis Reyna,0
Áncash,Asunción,Chacas,37768962,Paula Daigle,0
Áncash,Asunción,Chacas,13363791,Dennis Reyna,1
Áncash,Asunción,Chacas,31411069,Eddie Hinesley,1
Áncash,Asunción,Chacas,73742837,Dennis Reyna,0
Áncash,Asunción,Chacas,24639521,Paula Daigle,1
Áncash,Asunción,Chacas,34106166,Theresa Waterer,1
Áncash,Asunción,Chacas,60103761,Dennis Reyna,1
Áncash,Asunción,Chacas,37956867,Dennis Reyna,1
Áncash,Asunción,Chacas,30914693,Robert Redmond,1
Áncash,Asunción,Chacas,70243589,Robert Redmond,1
Áncash,Asunción,Chacas,41472243,Dennis Reyna,1
Áncash,Asunción,Chacas,57323099,Eddie Hinesley,1
Áncash,Asunción,Chacas,89617399,Jamie Mitchell,0
Áncash,Asunción,Chacas,73360216,Robert Redmond,0
Áncash,Asunción,Chacas,26928907,Dennis Reyna,0
Áncash,Asunción,Chacas,35184033,Aundrea Grace,0
Áncash,Asunción,Chacas,44357700,Paula Daigle,0
Áncash,Asunción,Chacas,13489722,Dennis Reyna,1
Áncash,Asunción,Chacas,23931262,Theresa Waterer,1
Áncash,Asunción,Chacas,71673782,Dennis Reyna,1
Áncash,Asunción,Chacas,39649700,Stephen Jankowski,0
Áncash,Asunción,Chacas,70800311,Paula Daigle,1
Áncash,Asunción,Chacas,73529320,Theresa Waterer,1
Áncash,Asunción,Chacas,31757700,Jamie Mitchell,1
Áncash,Asunción,Chacas,70681608,Stephen Jankowski,0
Áncash,Asunción,Chacas,56292604,Theresa Waterer,0
Áncash,Asunción,Chacas,35796890,Paula Daigle,0
Áncash,Asunción,Chacas,63597005,Dennis Reyna,1
Áncash,Asunción,Chacas,59620902,Stephen Jankowski,0
Áncash,Asunción,Chacas,55214344,Eddie Hinesley,0
Áncash,Asunción,Chacas,35839620,Dennis Reyna,0
Áncash,Asunción,Chacas,44669174,Stephen Jankowski,1
Áncash,Asunción,Chacas,17132019,Stephen Jankowski,0
Áncash,Asunción,Chacas,23589072,Jamie Mitchell,1
Áncash,Asunción,Chacas,48735461,Paula Daigle,0
Áncash,Asunción,Chacas,72883764,Jamie Mitchell,0
Áncash,Asunción,Chacas,31489934,Paula Daigle,1
Áncash,Asunción,Chacas,60938909,Robert Redmond,1
Áncash,Asunción,Chacas,43469716,Paula Daigle,1
Áncash,Asunción,Chacas,77402982,Eddie Hinesley,1
Áncash,Asunción,Chacas,47517110,Stephen Jankowski,0
Áncash,Asunción,Chacas,85561736,Jamie Mitchell,1
Áncash,Asunción,Chacas,24937279,Aundrea Grace,1
Áncash,Asunción,Chacas,86617280,Stephen Jankowski,0
Áncash,Asunción,Chacas,32960039,Eddie Hinesley,1
Áncash,Asunción,Chacas,63584711,Jamie Mitchell,1
Áncash,Asunción,Chacas,81680561,Robert Redmond,0
Áncash,Asunción,Chacas,28102228,Dennis Reyna,1
Áncash,Asunción,Chacas,29642705,Eddie Hinesley,0
Áncash,Asunción,Chacas,42826560,Aundrea Grace,0
Áncash,Asunción,Chacas,54163237,Robert Redmond,1
Áncash,Asunción,Chacas,69368763,Robert Redmond,0
Áncash,Asunción,Chacas,76497987,Eddie Hinesley,1
Áncash,Asunción,Chacas,29791126,Stephen Jankowski,1
Áncash,Asunción,Chacas,19295967,Dennis Reyna,1
Áncash,Asunción,Chacas,27361483,Dennis Reyna,0
Áncash,Asunción,Chacas,62700931,Aundrea Grace,1
Áncash,Asunción,Chacas,86338356,Theresa Waterer,1
Áncash,Asunción,Chacas,46544261,Jamie Mitchell,1
Áncash,Asunción,Chacas,57155215,Theresa Waterer,0
Áncash,Asunción,Chacas,55893347,Dennis Reyna,1
Áncash,Asunción,Chacas,60176543,Robert Redmond,0
Áncash,Asunción,Chacas,81422251,Robert Redmond,0
Áncash,Asunción,Chacas,21609535,Paula Daigle,1
Áncash,Asunción,Chacas,17830332,Theresa Waterer,1
Áncash,Asunción,Chacas,36497658,Theresa Waterer,0
Áncash,Asunción,Chacas,32220243,Paula Daigle,0
Áncash,Asunción,Chacas,22193211,Stephen Jankowski,0
Áncash,Asunción,Chacas,18937374,Eddie Hinesley,0
Áncash,Asunción,Chacas,49599791,Stephen Jankowski,0
Áncash,Asunción,Chacas,88493753,Stephen Jankowski,1
Áncash,Asunción,Chacas,86846399,Dennis Reyna,1
Áncash,Asunción,Chacas,60779365,Theresa Waterer,0
Áncash,Asunción,Chacas,18517651,Robert Redmond,1
Áncash,Asunción,Chacas,64257669,Aundrea Grace,0
Áncash,Asunción,Chacas,18936334,Dennis Reyna,1
Áncash,Asunción,Chacas,36502883,Stephen Jankowski,1
Áncash,Asunción,Chacas,84990702,Paula Daigle,0
Áncash,Asunción,Chacas,35235871,Theresa Waterer,1
Áncash,Asunción,Chacas,26104849,Jamie Mitchell,1
Áncash,Asunción,Chacas,14534966,Robert Redmond,0
Áncash,Asunción,Chacas,32128271,Jamie Mitchell,0
Áncash,Asunción,Chacas,78324269,Eddie Hinesley,1
Áncash,Asunción,Chacas,26543037,Robert Redmond,1
Áncash,Asunción,Chacas,80611119,Eddie Hinesley,1
Áncash,Asunción,Chacas,55634477,Robert Redmond,1
Áncash,Asunción,Chacas,66022209,Paula Daigle,0
Áncash,Asunción,Chacas,76953939,Theresa Waterer,0
Áncash,Asunción,Chacas,79610947,Robert Redmond,1
Áncash,Asunción,Chacas,39024654,Dennis Reyna,1
Áncash,Asunción,Chacas,43213448,Dennis Reyna,1
Áncash,Asunción,Chacas,54096576,Jamie Mitchell,1
Áncash,Asunción,Chacas,59004621,Jamie Mitchell,1
Áncash,Asunción,Chacas,80691286,Paula Daigle,1
Áncash,Asunción,Chacas,68010430,Robert Redmond,1
Áncash,Asunción,Chacas,37591715,Aundrea Grace,0
Áncash,Asunción,Chacas,17898669,Eddie Hinesley,0
Áncash,Asunción,Chacas,50632813,Jamie Mitchell,1
Áncash,Asunción,Chacas,24089539,Theresa Waterer,1
Áncash,Asunción,Chacas,49556765,Jamie Mitchell,1
Áncash,Asunción,Chacas,19252658,Jamie Mitchell,0
Áncash,Asunción,Chacas,58353095,Aundrea Grace,0
Áncash,Asunción,Chacas,73585454,Stephen Jankowski,0
Áncash,Asunción,Chacas,34245713,Jamie Mitchell,0
Áncash,Asunción,Chacas,37104442,Dennis Reyna,0
Áncash,Asunción,Chacas,50021516,Jamie Mitchell,1
Áncash,Asunción,Chacas,48392873,Stephen Jankowski,0
Áncash,Asunción,Chacas,60690733,Paula Daigle,0
Áncash,Asunción,Chacas,48381295,Theresa Waterer,1
Áncash,Asunción,Chacas,58604833,Paula Daigle,1
Áncash,Asunción,Chacas,87549432,Robert Redmond,0
Áncash,Asunción,Chacas,79660653,Jamie Mitchell,0
Áncash,Asunción,Chacas,19670646,Stephen Jankowski,0
Áncash,Asunción,Chacas,64331112,Stephen Jankowski,0
Áncash,Asunción,Chacas,31332805,Eddie Hinesley,0
Áncash,Asunción,Chacas,41631202,Eddie Hinesley,1
Áncash,Asunción,Chacas,78758306,Theresa Waterer,0
Áncash,Asunción,Chacas,33859878,Dennis Reyna,1
Áncash,Asunción,Chacas,74134063,Jamie Mitchell,1
Áncash,Asunción,Chacas,43353379,Theresa Waterer,0
Áncash,Asunción,Chacas,40485928,Jamie Mitchell,1
Áncash,Asunción,Chacas,70478980,Theresa Waterer,0
Áncash,Asunción,Chacas,61977601,Aundrea Grace,1
Áncash,Asunción,Chacas,15511773,Eddie Hinesley,0
Áncash,Asunción,Chacas,47761112,Aundrea Grace,1
Áncash,Asunción,Chacas,81307085,Paula Daigle,0
Áncash,Asunción,Chacas,78408673,Aundrea Grace,1
Áncash,Asunción,Chacas,33351807,Paula Daigle,1
Áncash,Asunción,Chacas,38859947,Paula Daigle,1
Áncash,Asunción,Chacas,48869711,Eddie Hinesley,0
Áncash,Asunción,Chacas,74378680,Eddie Hinesley,0
Áncash,Asunción,Chacas,63750826,Paula Daigle,0
Áncash,Asunción,Chacas,18547772,Paula Daigle,0
Áncash,Asunción,Chacas,76246621,Eddie Hinesley,0
Áncash,Asunción,Chacas,49276005,Aundrea Grace,1
Áncash,Asunción,Chacas,48716864,Dennis Reyna,1
Áncash,Asunción,Chacas,69499137,Theresa Waterer,1
Áncash,Asunción,Chacas,15400238,Jamie Mitchell,1
Áncash,Asunción,Chacas,56102716,Dennis Reyna,0
Áncash,Asunción,Chacas,55100740,Dennis Reyna,1
Áncash,Asunción,Chacas,71279238,Theresa Waterer,0
Áncash,Asunción,Chacas,12851175,Jamie Mitchell,1
Áncash,Asunción,Chacas,10761065,Dennis Reyna,1
Áncash,Asunción,Chacas,25288357,Robert Redmond,1
Áncash,Asunción,Chacas,52382636,Paula Daigle,1
Áncash,Asunción,Chacas,15559408,Theresa Waterer,1
Áncash,Asunción,Chacas,48270506,Theresa Waterer,1
Áncash,Asunción,Chacas,21614041,Paula Daigle,0
Áncash,Asunción,Chacas,76150844,Theresa Waterer,0
Áncash,Asunción,Chacas,10681782,Aundrea Grace,0
Áncash,Asunción,Chacas,66496728,Stephen Jankowski,0
Áncash,Asunción,Chacas,86708255,Paula Daigle,1
Áncash,Asunción,Chacas,47765277,Aundrea Grace,1
Áncash,Asunción,Chacas,88698769,Jamie Mitchell,1
Áncash,Asunción,Chacas,84230486,Dennis Reyna,0
Áncash,Asunción,Chacas,56905345,Stephen Jankowski,1
Áncash,Asunción,Chacas,51079531,Stephen Jankowski,0
Áncash,Asunción,Chacas,66367804,Theresa Waterer,1
Áncash,Asunción,Chacas,62124908,Dennis Reyna,1
Áncash,Asunción,Chacas,78127527,Eddie Hinesley,1
Áncash,Asunción,Chacas,59544916,Paula Daigle,1
Áncash,Asunción,Chacas,71354602,Paula Daigle,1
Áncash,Asunción,Chacas,19156017,Robert Redmond,0
Áncash,Asunción,Chacas,57905703,Paula Daigle,0
Áncash,Asunción,Chacas,57457823,Jamie Mitchell,1
Áncash,Asunción,Chacas,62669473,Jamie Mitchell,0
Áncash,Asunción,Chacas,53571808,Dennis Reyna,1
Áncash,Asunción,Chacas,12048240,Robert Redmond,1
Áncash,Asunción,Chacas,31957167,Paula Daigle,0
Áncash,Asunción,Chacas,62028841,Robert Redmond,1
Áncash,Asunción,Chacas,87886670,Theresa Waterer,0
Áncash,Asunción,Chacas,55992375,Theresa Waterer,1
Áncash,Asunción,Chacas,43120326,Aundrea Grace,1
Áncash,Asunción,Chacas,55932498,Stephen Jankowski,0
Áncash,Asunción,Chacas,57081065,Paula Daigle,0
Áncash,Asunción,Chacas,71750179,Aundrea Grace,1
Áncash,Asunción,Chacas,46511098,Stephen Jankowski,0
Áncash,Asunción,Chacas,12758238,Theresa Waterer,1
Áncash,Asunción,Chacas,89460303,Robert Redmond,0
Áncash,Asunción,Chacas,30043227,Jamie Mitchell,0
Áncash,Asunción,Chacas,86419288,Theresa Waterer,0
Áncash,Asunción,Chacas,63126870,Robert Redmond,0
Áncash,Asunción,Chacas,65876674,Stephen Jankowski,0
Áncash,Asunción,Chacas,42665177,Robert Redmond,0
Áncash,Asunción,Chacas,31893844,Robert Redmond,1
Áncash,Asunción,Chacas,89414925,Paula Daigle,0
Áncash,Asunción,Chacas,84263608,Jamie Mitchell,0
Áncash,Asunción,Chacas,13812484,Aundrea Grace,1
Áncash,Asunción,Chacas,24511461,Stephen Jankowski,0
Áncash,Asunción,Chacas,16279616,Stephen Jankowski,1
Áncash,Asunción,Chacas,33295240,Eddie Hinesley,1
Áncash,Asunción,Chacas,57469650,Aundrea Grace,0
Áncash,Asunción,Chacas,15293148,Jamie Mitchell,1
Áncash,Asunción,Chacas,50805227,Stephen Jankowski,0
Áncash,Asunción,Chacas,88851737,Jamie Mitchell,1
Áncash,Asunción,Chacas,37894808,Robert Redmond,0
Áncash,Asunción,Chacas,70019036,Paula Daigle,1
Áncash,Asunción,Chacas,66122274,Dennis Reyna,0
Áncash,Asunción,Chacas,48165369,Robert Redmond,1
Áncash,Asunción,Chacas,77230129,Stephen Jankowski,1
Áncash,Asunción,Chacas,22185992,Dennis Reyna,0
Áncash,Asunción,Chacas,72730855,Aundrea Grace,1
Áncash,Asunción,Chacas,52716587,Theresa Waterer,1
Áncash,Asunción,Chacas,59395119,Stephen Jankowski,0
Áncash,Asunción,Chacas,14986159,Paula Daigle,1
Áncash,Asunción,Chacas,15466732,Stephen Jankowski,0
Áncash,Asunción,Chacas,22201729,Aundrea Grace,0
Áncash,Asunción,Chacas,23302242,Eddie Hinesley,1
Áncash,Asunción,Chacas,25584418,Aundrea Grace,0
Áncash,Asunción,Chacas,20171071,Paula Daigle,1
Áncash,Asunción,Chacas,80571499,Dennis Reyna,0
Áncash,Asunción,Chacas,53062885,Theresa Waterer,0
Áncash,Asunción,Chacas,81726237,Robert Redmond,0
Áncash,Asunción,Chacas,48017212,Dennis Reyna,1
Áncash,Asunción,Chacas,66668238,Paula Daigle,0
Áncash,Asunción,Chacas,78521580,Robert Redmond,0
Áncash,Asunción,Chacas,55089913,Stephen Jankowski,1
Áncash,Asunción,Chacas,12961419,Paula Daigle,0
Áncash,Asunción,Chacas,68883549,Stephen Jankowski,1
Áncash,Asunción,Chacas,87539591,Eddie Hinesley,0
Áncash,Asunción,Chacas,14963508,Dennis Reyna,1
Áncash,Asunción,Chacas,81925041,Dennis Reyna,1
Áncash,Asunción,Chacas,24613259,Robert Redmond,0
Áncash,Asunción,Chacas,89958399,Dennis Reyna,0
Áncash,Asunción,Chacas,80322965,Paula Daigle,0
Áncash,Asunción,Chacas,68966895,Paula Daigle,1
Áncash,Asunción,Chacas,75989972,Robert Redmond,1
Áncash,Asunción,Chacas,25042234,Theresa Waterer,0
Áncash,Asunción,Chacas,64585097,Paula Daigle,0
Áncash,Asunción,Chacas,62965708,Paula Daigle,1
Áncash,Asunción,Chacas,28640396,Robert Redmond,0
Áncash,Asunción,Chacas,29858048,Eddie Hinesley,0
Áncash,Asunción,Chacas,65990056,Jamie Mitchell,0
Áncash,Asunción,Chacas,11874042,Stephen Jankowski,0
Áncash,Asunción,Chacas,89375531,Theresa Waterer,0
Áncash,Asunción,Chacas,16162541,Aundrea Grace,0
Áncash,Asunción,Chacas,49176882,Paula Daigle,0
Áncash,Asunción,Chacas,55290075,Aundrea Grace,0
Áncash,Asunción,Chacas,57375057,Jamie Mitchell,1
Áncash,Asunción,Chacas,25016138,Jamie Mitchell,1
Áncash,Asunción,Chacas,16975210,Eddie Hinesley,1
Áncash,Asunción,Chacas,32642446,Theresa Waterer,0
Áncash,Asunción,Chacas,72625049,Dennis Reyna,1
Áncash,Asunción,Chacas,63199744,Robert Redmond,0
Áncash,Asunción,Chacas,17121251,Aundrea Grace,1
Áncash,Asunción,Chacas,63010870,Theresa Waterer,1
Áncash,Asunción,Chacas,68165335,Theresa Waterer,1
Áncash,Asunción,Chacas,78939135,Jamie Mitchell,0
Áncash,Asunción,Chacas,34648294,Theresa Waterer,0
Áncash,Asunción,Chacas,33329436,Robert Redmond,1
Áncash,Asunción,Chacas,76460645,Theresa Waterer,1
Áncash,Asunción,Chacas,42062380,Dennis Reyna,0
Áncash,Asunción,Chacas,51407027,Paula Daigle,0
Áncash,Asunción,Chacas,33166023,Theresa Waterer,0
Áncash,Asunción,Chacas,74096709,Robert Redmond,1
Áncash,Asunción,Chacas,85154577,Jamie Mitchell,0
Áncash,Asunción,Chacas,58660674,Aundrea Grace,1
Áncash,Asunción,Chacas,52967153,Stephen Jankowski,1
Áncash,Asunción,Chacas,18785263,Theresa Waterer,0
Áncash,Asunción,Chacas,47612552,Stephen Jankowski,0
Áncash,Asunción,Chacas,88099234,Paula Daigle,0
Áncash,Asunción,Chacas,23698806,Dennis Reyna,1
Áncash,Asunción,Chacas,88077449,Robert Redmond,1
Áncash,Asunción,Chacas,37033571,Eddie Hinesley,0
Áncash,Asunción,Chacas,75701383,Robert Redmond,0
Áncash,Asunción,Chacas,78821894,Aundrea Grace,0
Áncash,Asunción,Chacas,77786594,Dennis Reyna,1
Áncash,Asunción,Chacas,14494499,Dennis Reyna,1
Áncash,Asunción,Chacas,50061876,Jamie Mitchell,1
Áncash,Asunción,Chacas,25074622,Aundrea Grace,0
Áncash,Asunción,Chacas,31434773,Stephen Jankowski,0
Áncash,Asunción,Chacas,81707155,Stephen Jankowski,1
Áncash,Asunción,Chacas,65918895,Jamie Mitchell,1
Áncash,Asunción,Chacas,30653421,Robert Redmond,0
Áncash,Asunción,Chacas,77893318,Jamie Mitchell,1
Áncash,Asunción,Chacas,68470930,Aundrea Grace,1
Áncash,Asunción,Chacas,20758543,Theresa Waterer,0
Áncash,Asunción,Chacas,76958275,Theresa Waterer,0
Áncash,Asunción,Chacas,66089282,Dennis Reyna,0
Áncash,Asunción,Chacas,89327718,Aundrea Grace,1
Áncash,Asunción,Chacas,35416211,Stephen Jankowski,1
Áncash,Asunción,Chacas,44160825,Stephen Jankowski,1
Áncash,Asunción,Chacas,83562784,Robert Redmond,0
Áncash,Asunción,Chacas,12149412,Robert Redmond,1
Áncash,Asunción,Chacas,32490301,Aundrea Grace,0
Áncash,Asunción,Chacas,26128144,Paula Daigle,1
Áncash,Asunción,Chacas,79402064,Aundrea Grace,1
Áncash,Asunción,Chacas,74254552,Dennis Reyna,1
Áncash,Asunción,Chacas,48588329,Theresa Waterer,0
Áncash,Asunción,Chacas,22741607,Stephen Jankowski,1
Áncash,Asunción,Chacas,47654132,Robert Redmond,1
Áncash,Asunción,Chacas,74102332,Eddie Hinesley,0
Áncash,Asunción,Chacas,77836061,Paula Daigle,0
Áncash,Asunción,Chacas,80325208,Paula Daigle,1
Áncash,Asunción,Chacas,84197480,Dennis Reyna,0
Áncash,Asunción,Chacas,56018690,Theresa Waterer,1
Áncash,Asunción,Chacas,61980733,Dennis Reyna,0
Áncash,Asunción,Chacas,87581403,Stephen Jankowski,0
Áncash,Asunción,Chacas,39793878,Aundrea Grace,1
Áncash,Asunción,Chacas,10386648,Aundrea Grace,0
Áncash,Asunción,Chacas,52746637,Stephen Jankowski,1
Áncash,Asunción,Chacas,21846791,Stephen Jankowski,0
Áncash,Asunción,Chacas,54397510,Theresa Waterer,0
Áncash,Asunción,Chacas,39344012,Dennis Reyna,1
Áncash,Asunción,Chacas,79710320,Aundrea Grace,0
Áncash,Asunción,Chacas,47159241,Stephen Jankowski,1
Áncash,Asunción,Chacas,46097919,Dennis Reyna,1
Áncash,Asunción,Chacas,26986697,Theresa Waterer,0
Áncash,Asunción,Chacas,16051865,Theresa Waterer,1
Áncash,Asunción,Chacas,25691100,Eddie Hinesley,0
Áncash,Asunción,Chacas,15496064,Eddie Hinesley,0
Áncash,Asunción,Chacas,21181293,Jamie Mitchell,1
Áncash,Asunción,Chacas,26099613,Theresa Waterer,0
Áncash,Asunción,Chacas,74879424,Aundrea Grace,1
Áncash,Asunción,Chacas,59760732,Dennis Reyna,1
Áncash,Asunción,Chacas,73938734,Robert Redmond,1
Áncash,Asunción,Chacas,84628197,Eddie Hinesley,1
Áncash,Asunción,Chacas,12735171,Stephen Jankowski,0
Áncash,Asunción,Chacas,56701035,Stephen Jankowski,1
Áncash,Asunción,Chacas,41848381,Stephen Jankowski,1
Áncash,Asunción,Chacas,58724345,Stephen Jankowski,1
Áncash,Asunción,Chacas,64510724,Theresa Waterer,1
Áncash,Asunción,Chacas,44073806,Eddie Hinesley,1
Áncash,Asunción,Chacas,71911988,Paula Daigle,0
Áncash,Asunción,Chacas,48296262,Jamie Mitchell,0
Áncash,Asunción,Chacas,36957036,Robert Redmond,0
Áncash,Asunción,Chacas,50999154,Robert Redmond,1
Áncash,Asunción,Chacas,46569242,Aundrea Grace,0
Áncash,Asunción,Chacas,11581630,Dennis Reyna,1
Áncash,Asunción,Chacas,81806512,Dennis Reyna,1
Áncash,Asunción,Chacas,40876117,Jamie Mitchell,1
Áncash,Asunción,Chacas,35304091,Robert Redmond,1
Áncash,Asunción,Chacas,33726361,Stephen Jankowski,1
Áncash,Asunción,Chacas,83456808,Theresa Waterer,0
Áncash,Asunción,Chacas,56952138,Paula Daigle,1
Áncash,Asunción,Chacas,41008508,Theresa Waterer,0
Áncash,Asunción,Chacas,23008170,Jamie Mitchell,0
Áncash,Asunción,Chacas,41603708,Robert Redmond,0
Áncash,Asunción,Chacas,45590405,Aundrea Grace,1
Áncash,Asunción,Chacas,34488011,Paula Daigle,1
Áncash,Asunción,Chacas,10794258,Stephen Jankowski,1
Áncash,Asunción,Chacas,41352391,Paula Daigle,1
Áncash,Asunción,Chacas,14857877,Dennis Reyna,1
Áncash,Asunción,Chacas,61043711,Eddie Hinesley,1
Áncash,Asunción,Chacas,22275535,Aundrea Grace,0
Áncash,Asunción,Chacas,30976192,Robert Redmond,0
Áncash,Asunción,Chacas,85346554,Dennis Reyna,0
Áncash,Asunción,Chacas,74413709,Paula Daigle,1
Áncash,Asunción,Chacas,51388818,Jamie Mitchell,0
Áncash,Asunción,Chacas,72970453,Theresa Waterer,0
Áncash,Asunción,Chacas,79438196,Stephen Jankowski,1
Áncash,Asunción,Chacas,85295931,Paula Daigle,0
Áncash,Asunción,Chacas,36537050,Paula Daigle,0
Áncash,Asunción,Chacas,23921156,Dennis Reyna,1
Áncash,Asunción,Chacas,28689157,Robert Redmond,1
Áncash,Asunción,Chacas,80844279,Jamie Mitchell,0
Áncash,Asunción,Chacas,44824806,Eddie Hinesley,1
Áncash,Asunción,Chacas,70983126,Aundrea Grace,1
Áncash,Asunción,Chacas,60599698,Theresa Waterer,1
Áncash,Asunción,Chacas,71341910,Aundrea Grace,0
Áncash,Asunción,Chacas,41260182,Jamie Mitchell,1
Áncash,Asunción,Chacas,25133040,Dennis Reyna,0
Áncash,Asunción,Chacas,23737594,Dennis Reyna,0
Áncash,Asunción,Chacas,48243403,Aundrea Grace,1
Áncash,Asunción,Chacas,82458929,Eddie Hinesley,1
Áncash,Asunción,Chacas,75325387,Theresa Waterer,1
Áncash,Asunción,Chacas,21654316,Robert Redmond,0
Áncash,Asunción,Chacas,53322992,Aundrea Grace,1
Áncash,Asunción,Chacas,15727703,Stephen Jankowski,1
Áncash,Asunción,Chacas,48741606,Stephen Jankowski,0
Áncash,Asunción,Chacas,60666567,Aundrea Grace,0
Áncash,Asunción,Chacas,49940114,Robert Redmond,0
Áncash,Asunción,Chacas,85221290,Jamie Mitchell,0
Áncash,Asunción,Chacas,30065365,Aundrea Grace,1
Áncash,Asunción,Chacas,68788038,Stephen Jankowski,1
Áncash,Asunción,Chacas,14786955,Robert Redmond,1
Áncash,Asunción,Chacas,87811265,Dennis Reyna,1
Áncash,Asunción,Chacas,19511102,Theresa Waterer,1
Áncash,Asunción,Chacas,52726512,Eddie Hinesley,0
Áncash,Asunción,Chacas,14594391,Aundrea Grace,0
Áncash,Asunción,Chacas,14112312,Aundrea Grace,0
Áncash,Asunción,Chacas,21218324,Paula Daigle,0
Áncash,Asunción,Chacas,82308504,Stephen Jankowski,1
Áncash,Asunción,Chacas,23382491,Eddie Hinesley,0
Áncash,Asunción,Chacas,28067485,Theresa Waterer,1
Áncash,Asunción,Chacas,24208612,Jamie Mitchell,1
Áncash,Asunción,Chacas,64995925,Jamie Mitchell,0
Áncash,Asunción,Chacas,63459713,Paula Daigle,0
Áncash,Asunción,Chacas,17924198,Stephen Jankowski,1
Áncash,Asunción,Chacas,55167552,Theresa Waterer,0
Áncash,Asunción,Chacas,69555644,Eddie Hinesley,0
Áncash,Asunción,Chacas,73204676,Dennis Reyna,1
Áncash,Asunción,Chacas,77416058,Dennis Reyna,1
Áncash,Asunción,Chacas,59574443,Robert Redmond,1
Áncash,Asunción,Chacas,38387011,Stephen Jankowski,0
Áncash,Asunción,Chacas,12105959,Stephen Jankowski,0
Áncash,Asunción,Chacas,74009738,Jamie Mitchell,0
Áncash,Asunción,Chacas,63013788,Jamie Mitchell,1
Áncash,Asunción,Chacas,39190766,Aundrea Grace,0
Áncash,Asunción,Chacas,21380128,Dennis Reyna,0
Áncash,Asunción,Chacas,47974033,Stephen Jankowski,0
Áncash,Asunción,Chacas,77327948,Eddie Hinesley,0
Áncash,Asunción,Chacas,56602588,Dennis Reyna,0
Áncash,Asunción,Chacas,40149922,Dennis Reyna,0
Áncash,Asunción,Chacas,76097425,Paula Daigle,1
Áncash,Asunción,Chacas,65296376,Eddie Hinesley,1
Áncash,Asunción,Chacas,15128495,Aundrea Grace,0
Áncash,Asunción,Chacas,59081402,Aundrea Grace,0
Áncash,Asunción,Chacas,66351346,Aundrea Grace,0
Áncash,Asunción,Chacas,54376346,Robert Redmond,1
Áncash,Asunción,Chacas,37025238,Dennis Reyna,0
Áncash,Asunción,Chacas,41078334,Jamie Mitchell,1
Áncash,Asunción,Chacas,14833285,Paula Daigle,1
Áncash,Asunción,Chacas,11000304,Theresa Waterer,0
Áncash,Asunción,Chacas,27893543,Eddie Hinesley,0
Áncash,Asunción,Chacas,36157584,Eddie Hinesley,0
Áncash,Asunción,Chacas,37928196,Jamie Mitchell,0
Áncash,Asunción,Chacas,27570532,Aundrea Grace,1
Áncash,Asunción,Chacas,10555258,Robert Redmond,1
Áncash,Asunción,Chacas,59035846,Robert Redmond,0
Áncash,Asunción,Chacas,35492993,Eddie Hinesley,1
Áncash,Asunción,Chacas,69115677,Paula Daigle,1
Áncash,Asunción,Chacas,28627279,Jamie Mitchell,1
Áncash,Asunción,Chacas,36544007,Dennis Reyna,1
Áncash,Asunción,Chacas,53799580,Eddie Hinesley,1
Áncash,Asunción,Chacas,85714752,Theresa Waterer,0
Áncash,Asunción,Chacas,41565323,Dennis Reyna,0
Áncash,Asunción,Chacas,78607811,Dennis Reyna,1
Áncash,Asunción,Chacas,11782666,Stephen Jankowski,1
Áncash,Asunción,Chacas,44426501,Paula Daigle,0
Áncash,Asunción,Chacas,28917485,Dennis Reyna,1
Áncash,Asunción,Chacas,36445120,Jamie Mitchell,1
Áncash,Asunción,Chacas,32488119,Jamie Mitchell,0
Áncash,Asunción,Chacas,76201197,Stephen Jankowski,0
Áncash,Asunción,Chacas,22731190,Theresa Waterer,1
Áncash,Asunción,Chacas,14364669,Jamie Mitchell,0
Áncash,Asunción,Chacas,26262058,Paula Daigle,1
Áncash,Asunción,Chacas,79205114,Jamie Mitchell,0
Áncash,Asunción,Chacas,32383543,Stephen Jankowski,0
Áncash,Asunción,Chacas,14927783,Eddie Hinesley,1
Áncash,Asunción,Chacas,19967857,Eddie Hinesley,0
Áncash,Asunción,Chacas,49949038,Paula Daigle,1
Áncash,Asunción,Chacas,82048238,Aundrea Grace,0
Áncash,Asunción,Chacas,54816969,Eddie Hinesley,1
Áncash,Asunción,Chacas,62114919,Eddie Hinesley,1
Áncash,Asunción,Chacas,84028992,Aundrea Grace,0
Áncash,Asunción,Chacas,40909582,Aundrea Grace,0
Áncash,Asunción,Chacas,62860512,Dennis Reyna,0
Áncash,Asunción,Chacas,43091360,Stephen Jankowski,0
Áncash,Asunción,Chacas,45032952,Aundrea Grace,0
Áncash,Asunción,Chacas,87556811,Robert Redmond,0
Áncash,Asunción,Chacas,69168314,Aundrea Grace,0
Áncash,Asunción,Chacas,85959242,Theresa Waterer,0
Áncash,Asunción,Chacas,70046516,Jamie Mitchell,1
Áncash,Asunción,Chacas,66097151,Aundrea Grace,0
Áncash,Asunción,Chacas,12711748,Theresa Waterer,0
Áncash,Asunción,Chacas,65177579,Robert Redmond,0
Áncash,Asunción,Chacas,72729081,Stephen Jankowski,1
Áncash,Asunción,Chacas,17645278,Theresa Waterer,1
Áncash,Asunción,Chacas,29108910,Dennis Reyna,0
Áncash,Asunción,Chacas,32378644,Stephen Jankowski,1
Áncash,Asunción,Chacas,80533610,Stephen Jankowski,1
Áncash,Asunción,Chacas,37235459,Paula Daigle,1
Áncash,Asunción,Chacas,21466098,Aundrea Grace,1
Áncash,Asunción,Chacas,29499379,Aundrea Grace,0
Áncash,Asunción,Chacas,59684338,Dennis Reyna,1
Áncash,Asunción,Chacas,81424726,Aundrea Grace,1
Áncash,Asunción,Chacas,46437778,Robert Redmond,0
Áncash,Asunción,Chacas,65405394,Aundrea Grace,1
Áncash,Asunción,Chacas,25179888,Eddie Hinesley,1
Áncash,Asunción,Chacas,81276968,Paula Daigle,0
Áncash,Asunción,Chacas,81852584,Aundrea Grace,0
Áncash,Asunción,Chacas,88532981,Dennis Reyna,1
Áncash,Asunción,Chacas,57409230,Robert Redmond,0
Áncash,Asunción,Chacas,77957724,Dennis Reyna,0
Áncash,Asunción,Chacas,70600270,Stephen Jankowski,0
Áncash,Asunción,Chacas,56992303,Eddie Hinesley,1
Áncash,Asunción,Chacas,66794022,Aundrea Grace,1
Áncash,Asunción,Chacas,20243145,Robert Redmond,1
Áncash,Asunción,Chacas,75700201,Aundrea Grace,0
Áncash,Asunción,Chacas,89456320,Aundrea Grace,1
Áncash,Asunción,Chacas,12084979,Jamie Mitchell,0
Áncash,Asunción,Chacas,60082808,Aundrea Grace,0
Áncash,Asunción,Chacas,28197079,Robert Redmond,1
Áncash,Asunción,Chacas,55716281,Robert Redmond,1
Áncash,Asunción,Chacas,53939755,Theresa Waterer,1
Áncash,Asunción,Chacas,22943273,Theresa Waterer,0
Áncash,Asunción,Chacas,33875766,Paula Daigle,1
Áncash,Asunción,Chacas,62288003,Robert Redmond,0
Áncash,Asunción,Chacas,10205804,Robert Redmond,0
Áncash,Asunción,Chacas,12505358,Aundrea Grace,1
Áncash,Asunción,Chacas,55694671,Dennis Reyna,1
Áncash,Asunción,Chacas,33374016,Robert Redmond,1
Áncash,Asunción,Chacas,85281439,Theresa Waterer,1
Áncash,Asunción,Chacas,15951289,Stephen Jankowski,0
Áncash,Asunción,Chacas,65037937,Theresa Waterer,1
Áncash,Asunción,Chacas,78971543,Jamie Mitchell,0
Áncash,Asunción,Chacas,84256940,Paula Daigle,1
Áncash,Asunción,Chacas,17228470,Aundrea Grace,1
Áncash,Asunción,Chacas,55976552,Dennis Reyna,1
Áncash,Asunción,Chacas,58123007,Jamie Mitchell,1
Áncash,Asunción,Chacas,42284619,Stephen Jankowski,1
Áncash,Asunción,Chacas,55261461,Dennis Reyna,0
Áncash,Asunción,Chacas,18831613,Theresa Waterer,1
Áncash,Asunción,Chacas,41162921,Dennis Reyna,1
Áncash,Asunción,Chacas,58231072,Paula Daigle,0
Áncash,Asunción,Chacas,43529862,Eddie Hinesley,1
Áncash,Asunción,Chacas,66877150,Robert Redmond,0
Áncash,Asunción,Chacas,18895568,Robert Redmond,1
Áncash,Asunción,Chacas,14981444,Aundrea Grace,1
Áncash,Asunción,Chacas,74890909,Dennis Reyna,1
Áncash,Asunción,Chacas,39237670,Jamie Mitchell,0
Áncash,Asunción,Chacas,32850770,Paula Daigle,1
Áncash,Asunción,Chacas,40730541,Aundrea Grace,0
Áncash,Asunción,Chacas,56651550,Jamie Mitchell,1
Áncash,Asunción,Chacas,10936555,Theresa Waterer,1
Áncash,Asunción,Chacas,82110580,Stephen Jankowski,0
Áncash,Asunción,Chacas,49193595,Aundrea Grace,1
Áncash,Asunción,Chacas,40721022,Aundrea Grace,1
Áncash,Asunción,Chacas,46002161,Eddie Hinesley,0
Áncash,Asunción,Chacas,51635628,Robert Redmond,1
Áncash,Asunción,Chacas,23042318,Theresa Waterer,1
Áncash,Asunción,Chacas,59927486,Aundrea Grace,0
Áncash,Asunción,Chacas,30645006,Paula Daigle,0
Áncash,Asunción,Chacas,18768252,Jamie Mitchell,0
Áncash,Asunción,Chacas,21288147,Paula Daigle,1
Áncash,Asunción,Chacas,71955063,Eddie Hinesley,1
Áncash,Asunción,Chacas,67276674,Robert Redmond,0
Áncash,Asunción,Chacas,22350208,Paula Daigle,0
Áncash,Asunción,Chacas,43914002,Stephen Jankowski,0
Áncash,Asunción,Chacas,65898947,Theresa Waterer,0
Áncash,Asunción,Chacas,51080669,Robert Redmond,1
Áncash,Asunción,Chacas,33128599,Aundrea Grace,1
Áncash,Asunción,Chacas,79690545,Eddie Hinesley,0
Áncash,Asunción,Chacas,22330199,Eddie Hinesley,0
Áncash,Asunción,Chacas,52143741,Robert Redmond,1
Áncash,Asunción,Chacas,17989486,Theresa Waterer,0
Áncash,Asunción,Chacas,36187709,Eddie Hinesley,1
Áncash,Asunción,Chacas,45964782,Stephen Jankowski,0
Áncash,Asunción,Chacas,70542812,Eddie Hinesley,0
Áncash,Asunción,Chacas,37650302,Paula Daigle,0
Áncash,Asunción,Chacas,52039598,Paula Daigle,0
Áncash,Asunción,Chacas,49069362,Aundrea Grace,0
Áncash,Asunción,Chacas,19664346,Robert Redmond,1
Áncash,Asunción,Chacas,86298646,Paula Daigle,0
Áncash,Asunción,Chacas,57193294,Paula Daigle,1
Áncash,Asunción,Chacas,80288901,Stephen Jankowski,1
Áncash,Asunción,Chacas,64265174,Eddie Hinesley,1
Áncash,Asunción,Chacas,65115211,Dennis Reyna,0
Áncash,Asunción,Chacas,39967601,Theresa Waterer,0
Áncash,Asunción,Chacas,12262762,Paula Daigle,0
Áncash,Asunción,Chacas,82617457,Stephen Jankowski,1
Áncash,Asunción,Chacas,35187008,Paula Daigle,0
Áncash,Asunción,Chacas,75168339,Dennis Reyna,0
Áncash,Asunción,Chacas,15351662,Stephen Jankowski,0
Áncash,Asunción,Chacas,54931594,Robert Redmond,1
Áncash,Asunción,Chacas,64138119,Aundrea Grace,0
Áncash,Asunción,Chacas,71732854,Paula Daigle,1
Áncash,Asunción,Chacas,16325111,Stephen Jankowski,0
Áncash,Asunción,Chacas,64832478,Theresa Waterer,1
Áncash,Asunción,Chacas,70981018,Stephen Jankowski,1
Áncash,Asunción,Chacas,27431926,Stephen Jankowski,0
Áncash,Asunción,Chacas,29475320,Stephen Jankowski,0
Áncash,Asunción,Chacas,15932278,Jamie Mitchell,0
Áncash,Asunción,Chacas,36207057,Eddie Hinesley,0
Áncash,Asunción,Chacas,11270126,Eddie Hinesley,0
Áncash,Asunción,Chacas,75577706,Jamie Mitchell,0
Áncash,Asunción,Chacas,11506583,Stephen Jankowski,1
Áncash,Asunción,Chacas,60187291,Dennis Reyna,0
Áncash,Asunción,Chacas,40989929,Stephen Jankowski,0
Áncash,Asunción,Chacas,72265861,Theresa Waterer,1
Áncash,Asunción,Chacas,57857852,Jamie Mitchell,1
Áncash,Asunción,Chacas,19017737,Paula Daigle,0
Áncash,Asunción,Chacas,53279705,Paula Daigle,0
Áncash,Asunción,Chacas,46780232,Stephen Jankowski,1
Áncash,Asunción,Chacas,48991546,Stephen Jankowski,0
Áncash,Asunción,Chacas,44833252,Jamie Mitchell,1
Áncash,Asunción,Chacas,43774053,Eddie Hinesley,1
Áncash,Asunción,Chacas,21565335,Eddie Hinesley,0
Áncash,Asunción,Chacas,15892540,Stephen Jankowski,0
Áncash,Asunción,Chacas,33792383,Jamie Mitchell,1
Áncash,Asunción,Chacas,64470417,Stephen Jankowski,0
Áncash,Asunción,Chacas,58481200,Stephen Jankowski,0
Áncash,Asunción,Chacas,64713767,Eddie Hinesley,0
Áncash,Asunción,Chacas,12809350,Dennis Reyna,1
Áncash,Asunción,Chacas,33124572,Paula Daigle,1
Áncash,Asunción,Chacas,69020717,Theresa Waterer,1
Áncash,Asunción,Chacas,26250371,Dennis Reyna,0
Áncash,Asunción,Chacas,35566657,Stephen Jankowski,0
Áncash,Asunción,Chacas,39944999,Robert Redmond,1
Áncash,Asunción,Chacas,15621845,Jamie Mitchell,1
Áncash,Asunción,Chacas,53172746,Jamie Mitchell,0
Áncash,Asunción,Chacas,74811313,Dennis Reyna,0
Áncash,Asunción,Chacas,85081089,Dennis Reyna,0
Áncash,Asunción,Chacas,46388538,Theresa Waterer,0
Áncash,Asunción,Chacas,76337394,Eddie Hinesley,0
Áncash,Asunción,Chacas,73507956,Paula Daigle,0
Áncash,Asunción,Chacas,59670662,Paula Daigle,1
Áncash,Asunción,Chacas,67417122,Stephen Jankowski,1
Áncash,Asunción,Chacas,11187567,Aundrea Grace,1
Áncash,Asunción,Chacas,20046712,Theresa Waterer,1
Áncash,Asunción,Chacas,54166696,Paula Daigle,0
Áncash,Asunción,Chacas,58444919,Paula Daigle,1
Áncash,Asunción,Chacas,73337102,Paula Daigle,1
Áncash,Asunción,Chacas,28105135,Jamie Mitchell,0
Áncash,Asunción,Chacas,47373822,Paula Daigle,0
Áncash,Asunción,Chacas,14885920,Jamie Mitchell,0
Áncash,Asunción,Chacas,30734828,Dennis Reyna,1
Áncash,Asunción,Chacas,17398568,Robert Redmond,0
Áncash,Asunción,Chacas,72049910,Robert Redmond,0
Áncash,Asunción,Chacas,44622223,Robert Redmond,1
Áncash,Asunción,Chacas,25507681,Stephen Jankowski,0
Áncash,Asunción,Chacas,19504377,Paula Daigle,0
Áncash,Asunción,Chacas,27550115,Eddie Hinesley,0
Áncash,Asunción,Chacas,88334738,Dennis Reyna,1
Áncash,Asunción,Chacas,24277713,Stephen Jankowski,1
Áncash,Asunción,Chacas,71386196,Jamie Mitchell,1
Áncash,Asunción,Chacas,25994574,Dennis Reyna,1
Áncash,Asunción,Chacas,55278794,Jamie Mitchell,0
Áncash,Asunción,Chacas,23221451,Theresa Waterer,0
Áncash,Asunción,Chacas,76586154,Aundrea Grace,0
Áncash,Asunción,Chacas,42044639,Dennis Reyna,1
Áncash,Asunción,Chacas,56279056,Eddie Hinesley,1
Áncash,Asunción,Chacas,63996042,Paula Daigle,0
Áncash,Asunción,Chacas,76671531,Paula Daigle,0
Áncash,Asunción,Chacas,18424827,Theresa Waterer,0
Áncash,Asunción,Chacas,59015743,Stephen Jankowski,1
Áncash,Asunción,Chacas,29514891,Jamie Mitchell,1
Áncash,Asunción,Chacas,36649450,Paula Daigle,0
Áncash,Asunción,Chacas,50460292,Paula Daigle,0
Áncash,Asunción,Chacas,24799217,Theresa Waterer,0
Áncash,Asunción,Chacas,38211897,Aundrea Grace,1
Áncash,Asunción,Chacas,66616176,Jamie Mitchell,1
Áncash,Asunción,Chacas,50847832,Jamie Mitchell,0
Áncash,Asunción,Chacas,45516621,Paula Daigle,1
Áncash,Asunción,Chacas,29792333,Aundrea Grace,1
Áncash,Asunción,Chacas,23040129,Aundrea Grace,0
Áncash,Asunción,Chacas,67646037,Dennis Reyna,0
Áncash,Asunción,Chacas,70125839,Paula Daigle,1
Áncash,Asunción,Chacas,14075222,Paula Daigle,0
Áncash,Asunción,Chacas,22024809,Jamie Mitchell,1
Áncash,Asunción,Chacas,89697374,Eddie Hinesley,0
Áncash,Asunción,Chacas,23311084,Eddie Hinesley,1
Áncash,Asunción,Chacas,15126943,Robert Redmond,0
Áncash,Asunción,Chacas,28647078,Paula Daigle,0
Áncash,Asunción,Chacas,42648865,Robert Redmond,0
Áncash,Asunción,Chacas,17553330,Dennis Reyna,1
Áncash,Asunción,Chacas,69536121,Stephen Jankowski,1
Áncash,Asunción,Chacas,14272197,Jamie Mitchell,0
Áncash,Asunción,Chacas,39035384,Dennis Reyna,1
Áncash,Asunción,Chacas,17029730,Eddie Hinesley,1
Áncash,Asunción,Chacas,63421703,Theresa Waterer,1
Áncash,Asunción,Chacas,77786217,Paula Daigle,0
Áncash,Asunción,Chacas,22833964,Paula Daigle,1
Áncash,Asunción,Chacas,31224073,Robert Redmond,0
Áncash,Asunción,Chacas,13907395,Eddie Hinesley,1
Áncash,Asunción,Chacas,84284057,Paula Daigle,1
Áncash,Asunción,Chacas,44571358,Aundrea Grace,1
Áncash,Asunción,Chacas,61554241,Aundrea Grace,0
Áncash,Asunción,Chacas,37873933,Jamie Mitchell,0
Áncash,Asunción,Chacas,86021000,Stephen Jankowski,0
Áncash,Asunción,Chacas,49756932,Robert Redmond,1
Áncash,Asunción,Chacas,64110570,Robert Redmond,1
Áncash,Asunción,Chacas,46393886,Stephen Jankowski,0
Áncash,Asunción,Chacas,35856621,Stephen Jankowski,0
Áncash,Asunción,Chacas,32068775,Theresa Waterer,1
Áncash,Asunción,Chacas,70589497,Stephen Jankowski,1
Áncash,Asunción,Chacas,66413163,Aundrea Grace,0
Áncash,Asunción,Chacas,16651262,Jamie Mitchell,1
Áncash,Asunción,Chacas,24403895,Stephen Jankowski,1
Áncash,Asunción,Chacas,55266927,Jamie Mitchell,0
Áncash,Asunción,Chacas,30678747,Stephen Jankowski,0
Áncash,Asunción,Chacas,89879915,Theresa Waterer,1
Áncash,Asunción,Chacas,46911231,Aundrea Grace,0
Áncash,Asunción,Chacas,81036998,Theresa Waterer,1
Áncash,Asunción,Chacas,27739680,Paula Daigle,1
Áncash,Asunción,Chacas,56012454,Paula Daigle,1
Áncash,Asunción,Chacas,49092892,Theresa Waterer,0
Áncash,Asunción,Chacas,89579746,Eddie Hinesley,0
Áncash,Asunción,Chacas,26380032,Jamie Mitchell,1
Áncash,Asunción,Chacas,11423217,Theresa Waterer,0
Áncash,Asunción,Chacas,25435412,Robert Redmond,0
Áncash,Asunción,Chacas,53139105,Robert Redmond,1
Áncash,Asunción,Chacas,27445554,Jamie Mitchell,1
Áncash,Asunción,Chacas,87691165,Eddie Hinesley,1
Áncash,Asunción,Chacas,62018808,Paula Daigle,0
Áncash,Asunción,Chacas,10418319,Jamie Mitchell,1
Áncash,Asunción,Chacas,73664730,Dennis Reyna,1
Áncash,Asunción,Chacas,12095612,Eddie Hinesley,1
Áncash,Asunción,Chacas,76074165,Dennis Reyna,1
Áncash,Asunción,Chacas,49744439,Robert Redmond,0
Áncash,Asunción,Chacas,49988518,Paula Daigle,0
Áncash,Asunción,Chacas,44742835,Paula Daigle,1
Áncash,Asunción,Chacas,21530985,Robert Redmond,0
Áncash,Asunción,Chacas,64177586,Paula Daigle,0
Áncash,Asunción,Chacas,83590011,Aundrea Grace,1
Áncash,Asunción,Chacas,35088296,Dennis Reyna,1
Áncash,Asunción,Chacas,15025872,Dennis Reyna,0
Áncash,Asunción,Chacas,59633896,Stephen Jankowski,0
Áncash,Asunción,Chacas,25356179,Dennis Reyna,1
Áncash,Asunción,Chacas,81476186,Eddie Hinesley,1
Áncash,Asunción,Chacas,74022307,Jamie Mitchell,0
Áncash,Asunción,Chacas,65965436,Theresa Waterer,0
Áncash,Asunción,Chacas,59220836,Eddie Hinesley,1
Áncash,Asunción,Chacas,54533719,Robert Redmond,1
Áncash,Asunción,Chacas,80110841,Jamie Mitchell,0
Áncash,Asunción,Chacas,88396653,Aundrea Grace,1
Áncash,Asunción,Chacas,12983205,Dennis Reyna,0
Áncash,Asunción,Chacas,20412292,Paula Daigle,1
Áncash,Asunción,Chacas,75093752,Theresa Waterer,0
Áncash,Asunción,Chacas,59526118,Robert Redmond,0
Áncash,Asunción,Chacas,27165344,Stephen Jankowski,1
Áncash,Asunción,Chacas,49277486,Eddie Hinesley,1
Áncash,Asunción,Chacas,88317316,Robert Redmond,0
Áncash,Asunción,Chacas,49163878,Robert Redmond,0
Áncash,Asunción,Chacas,23326488,Jamie Mitchell,0
Áncash,Asunción,Chacas,61405632,Theresa Waterer,1
Áncash,Asunción,Chacas,32333245,Theresa Waterer,0
Áncash,Asunción,Chacas,87758119,Stephen Jankowski,0
Áncash,Asunción,Chacas,42946889,Robert Redmond,0
Áncash,Asunción,Chacas,13150247,Stephen Jankowski,0
Áncash,Asunción,Chacas,28856590,Dennis Reyna,1
Áncash,Asunción,Chacas,25622398,Robert Redmond,0
Áncash,Asunción,Chacas,35604740,Theresa Waterer,1
Áncash,Asunción,Chacas,54266046,Aundrea Grace,0
Áncash,Asunción,Chacas,34538254,Paula Daigle,0
Áncash,Asunción,Chacas,80060856,Jamie Mitchell,1
Áncash,Asunción,Chacas,11879711,Aundrea Grace,0
Áncash,Asunción,Chacas,84067324,Theresa Waterer,1
Áncash,Asunción,Chacas,85190125,Aundrea Grace,1
Áncash,Asunción,Chacas,16489485,Aundrea Grace,1
Áncash,Asunción,Chacas,15127646,Stephen Jankowski,0
Áncash,Asunción,Chacas,49194955,Eddie Hinesley,1
Áncash,Asunción,Chacas,75339553,Eddie Hinesley,0
Áncash,Asunción,Chacas,50876608,Dennis Reyna,0
Áncash,Asunción,Chacas,57171619,Dennis Reyna,1
Áncash,Asunción,Chacas,30614143,Dennis Reyna,0
Áncash,Asunción,Chacas,88767535,Stephen Jankowski,0
Áncash,Asunción,Chacas,87658836,Robert Redmond,0
Áncash,Asunción,Chacas,27191037,Eddie Hinesley,1
Áncash,Asunción,Chacas,26897199,Stephen Jankowski,1
Áncash,Asunción,Chacas,51404791,Eddie Hinesley,0
Áncash,Asunción,Chacas,30832806,Dennis Reyna,1
Áncash,Asunción,Chacas,64331695,Dennis Reyna,0
Áncash,Asunción,Chacas,51708972,Theresa Waterer,0
Áncash,Asunción,Chacas,44725926,Aundrea Grace,1
Áncash,Asunción,Chacas,32746597,Eddie Hinesley,0
Áncash,Asunción,Chacas,10528717,Dennis Reyna,1
Áncash,Asunción,Chacas,38945596,Aundrea Grace,0
Áncash,Asunción,Chacas,18512532,Theresa Waterer,0
Áncash,Asunción,Chacas,75306375,Aundrea Grace,1
Áncash,Asunción,Chacas,18855780,Theresa Waterer,1
Áncash,Asunción,Chacas,83397655,Dennis Reyna,0
Áncash,Asunción,Chacas,18875546,Stephen Jankowski,0
Áncash,Asunción,Chacas,88979838,Dennis Reyna,0
Áncash,Asunción,Chacas,89035418,Robert Redmond,1
Áncash,Asunción,Chacas,53789375,Theresa Waterer,0
Áncash,Asunción,Chacas,41826688,Paula Daigle,1
Áncash,Asunción,Chacas,66307179,Stephen Jankowski,1
Áncash,Asunción,Chacas,70843981,Stephen Jankowski,0
Áncash,Asunción,Chacas,21273842,Dennis Reyna,1
Áncash,Asunción,Chacas,27122464,Robert Redmond,1
Áncash,Asunción,Chacas,72435927,Paula Daigle,1
Áncash,Asunción,Chacas,60867256,Stephen Jankowski,1
Áncash,Asunción,Chacas,60755424,Jamie Mitchell,0
Áncash,Asunción,Chacas,41204899,Theresa Waterer,1
Áncash,Asunción,Chacas,61939036,Theresa Waterer,1
Áncash,Asunción,Acochaca,76928975,Eddie Hinesley,0
Áncash,Asunción,Acochaca,66898931,Eddie Hinesley,1
Áncash,Asunción,Acochaca,77126639,Jamie Mitchell,1
Áncash,Asunción,Acochaca,34033298,Eddie Hinesley,1
Áncash,Asunción,Acochaca,30346693,Paula Daigle,1
Áncash,Asunción,Acochaca,14642550,Jamie Mitchell,0
Áncash,Asunción,Acochaca,10268778,Jamie Mitchell,1
Áncash,Asunción,Acochaca,51612784,Eddie Hinesley,1
Áncash,Asunción,Acochaca,41003841,Stephen Jankowski,1
Áncash,Asunción,Acochaca,71870379,Theresa Waterer,0
Áncash,Asunción,Acochaca,74050690,Jamie Mitchell,0
Áncash,Asunción,Acochaca,86680428,Theresa Waterer,1
Áncash,Asunción,Acochaca,16251506,Paula Daigle,0
Áncash,Asunción,Acochaca,52983274,Paula Daigle,1
Áncash,Asunción,Acochaca,79757055,Dennis Reyna,1
Áncash,Asunción,Acochaca,44549176,Theresa Waterer,1
Áncash,Asunción,Acochaca,25326438,Aundrea Grace,1
Áncash,Asunción,Acochaca,75454872,Paula Daigle,0
Áncash,Asunción,Acochaca,59790857,Theresa Waterer,0
Áncash,Asunción,Acochaca,35632528,Robert Redmond,1
Áncash,Asunción,Acochaca,76375482,Aundrea Grace,1
Áncash,Asunción,Acochaca,51227661,Stephen Jankowski,0
Áncash,Asunción,Acochaca,20790416,Eddie Hinesley,0
Áncash,Asunción,Acochaca,81929526,Stephen Jankowski,0
Áncash,Asunción,Acochaca,31205784,Stephen Jankowski,0
Áncash,Asunción,Acochaca,89848428,Robert Redmond,0
Áncash,Asunción,Acochaca,28140446,Stephen Jankowski,0
Áncash,Asunción,Acochaca,31138586,Theresa Waterer,0
Áncash,Asunción,Acochaca,24162230,Paula Daigle,0
Áncash,Asunción,Acochaca,37391746,Paula Daigle,1
Áncash,Asunción,Acochaca,65137517,Jamie Mitchell,1
Áncash,Asunción,Acochaca,61472007,Aundrea Grace,1
Áncash,Asunción,Acochaca,19659199,Aundrea Grace,1
Áncash,Asunción,Acochaca,34246489,Aundrea Grace,0
Áncash,Asunción,Acochaca,61229776,Robert Redmond,0
Áncash,Asunción,Acochaca,24955158,Theresa Waterer,0
Áncash,Asunción,Acochaca,60799939,Aundrea Grace,1
Áncash,Asunción,Acochaca,33290792,Eddie Hinesley,0
Áncash,Asunción,Acochaca,35638109,Eddie Hinesley,1
Áncash,Asunción,Acochaca,38475981,Paula Daigle,0
Áncash,Asunción,Acochaca,21847999,Aundrea Grace,1
Áncash,Asunción,Acochaca,77342442,Stephen Jankowski,0
Áncash,Asunción,Acochaca,45464665,Theresa Waterer,0
Áncash,Asunción,Acochaca,49383777,Jamie Mitchell,1
Áncash,Asunción,Acochaca,74337367,Eddie Hinesley,1
Áncash,Asunción,Acochaca,49087420,Paula Daigle,0
Áncash,Asunción,Acochaca,41167181,Eddie Hinesley,0
Áncash,Asunción,Acochaca,79170780,Robert Redmond,1
Áncash,Asunción,Acochaca,76652367,Eddie Hinesley,1
Áncash,Asunción,Acochaca,37928398,Dennis Reyna,0
Áncash,Asunción,Acochaca,78458627,Robert Redmond,0
Áncash,Asunción,Acochaca,85165428,Stephen Jankowski,1
Áncash,Asunción,Acochaca,22858782,Paula Daigle,0
Áncash,Asunción,Acochaca,16800930,Paula Daigle,1
Áncash,Asunción,Acochaca,19503978,Robert Redmond,0
Áncash,Asunción,Acochaca,81458256,Dennis Reyna,0
Áncash,Asunción,Acochaca,67095232,Paula Daigle,0
Áncash,Asunción,Acochaca,88678363,Aundrea Grace,0
Áncash,Asunción,Acochaca,54140291,Eddie Hinesley,0
Áncash,Asunción,Acochaca,80693090,Theresa Waterer,0
Áncash,Asunción,Acochaca,87079121,Aundrea Grace,0
Áncash,Asunción,Acochaca,48031661,Aundrea Grace,0
Áncash,Asunción,Acochaca,14500709,Eddie Hinesley,1
Áncash,Asunción,Acochaca,51088708,Aundrea Grace,0
Áncash,Asunción,Acochaca,30920647,Jamie Mitchell,0
Áncash,Asunción,Acochaca,20297837,Robert Redmond,1
Áncash,Asunción,Acochaca,85332916,Jamie Mitchell,1
Áncash,Asunción,Acochaca,20743059,Eddie Hinesley,1
Áncash,Asunción,Acochaca,24022413,Dennis Reyna,1
Áncash,Asunción,Acochaca,36450510,Theresa Waterer,0
Áncash,Asunción,Acochaca,26438605,Aundrea Grace,0
Áncash,Asunción,Acochaca,50456395,Jamie Mitchell,1
Áncash,Asunción,Acochaca,26673565,Stephen Jankowski,0
Áncash,Asunción,Acochaca,27583921,Robert Redmond,0
Áncash,Asunción,Acochaca,17905011,Stephen Jankowski,0
Áncash,Asunción,Acochaca,33157169,Theresa Waterer,0
Áncash,Asunción,Acochaca,77296767,Paula Daigle,1
Áncash,Asunción,Acochaca,32384082,Theresa Waterer,1
Áncash,Asunción,Acochaca,80764352,Eddie Hinesley,0
Áncash,Asunción,Acochaca,69312661,Aundrea Grace,1
Áncash,Asunción,Acochaca,73680174,Theresa Waterer,1
Áncash,Asunción,Acochaca,68841063,Dennis Reyna,0
Áncash,Asunción,Acochaca,71770302,Robert Redmond,1
Áncash,Asunción,Acochaca,58512105,Robert Redmond,0
Áncash,Asunción,Acochaca,48061341,Aundrea Grace,1
Áncash,Asunción,Acochaca,20165515,Stephen Jankowski,0
Áncash,Asunción,Acochaca,31078907,Dennis Reyna,1
Áncash,Asunción,Acochaca,47509156,Aundrea Grace,0
Áncash,Asunción,Acochaca,60063428,Robert Redmond,0
Áncash,Asunción,Acochaca,24978387,Paula Daigle,1
Áncash,Asunción,Acochaca,21988372,Dennis Reyna,1
Áncash,Asunción,Acochaca,53189706,Jamie Mitchell,1
Áncash,Asunción,Acochaca,31028209,Aundrea Grace,1
Áncash,Asunción,Acochaca,53922324,Eddie Hinesley,1
Áncash,Asunción,Acochaca,17950559,Dennis Reyna,1
Áncash,Asunción,Acochaca,47293876,Eddie Hinesley,1
Áncash,Asunción,Acochaca,81215765,Paula Daigle,1
Áncash,Asunción,Acochaca,54503566,Aundrea Grace,0
Áncash,Asunción,Acochaca,25413291,Dennis Reyna,0
Áncash,Asunción,Acochaca,36616433,Robert Redmond,0
Áncash,Asunción,Acochaca,33978954,Eddie Hinesley,0
Áncash,Asunción,Acochaca,32379328,Dennis Reyna,0
Áncash,Asunción,Acochaca,56180889,Theresa Waterer,0
Áncash,Asunción,Acochaca,83251033,Eddie Hinesley,0
Áncash,Asunción,Acochaca,49716671,Theresa Waterer,0
Áncash,Asunción,Acochaca,45486257,Aundrea Grace,0
Áncash,Asunción,Acochaca,49907893,Aundrea Grace,0
Áncash,Asunción,Acochaca,68648680,Jamie Mitchell,1
Áncash,Asunción,Acochaca,89405397,Aundrea Grace,1
Áncash,Asunción,Acochaca,57950635,Robert Redmond,1
Áncash,Asunción,Acochaca,23374569,Robert Redmond,0
Áncash,Asunción,Acochaca,22364747,Dennis Reyna,1
Áncash,Asunción,Acochaca,45870064,Stephen Jankowski,0
Áncash,Asunción,Acochaca,23477608,Aundrea Grace,0
Áncash,Asunción,Acochaca,25860429,Dennis Reyna,0
Áncash,Asunción,Acochaca,42758045,Paula Daigle,1
Áncash,Asunción,Acochaca,64651459,Robert Redmond,0
Áncash,Asunción,Acochaca,42994501,Stephen Jankowski,1
Áncash,Asunción,Acochaca,19183061,Stephen Jankowski,1
Áncash,Asunción,Acochaca,59045597,Dennis Reyna,1
Áncash,Asunción,Acochaca,63326145,Stephen Jankowski,1
Áncash,Asunción,Acochaca,61816722,Robert Redmond,0
Áncash,Asunción,Acochaca,15889629,Dennis Reyna,0
Áncash,Asunción,Acochaca,29110074,Aundrea Grace,1
Áncash,Asunción,Acochaca,68137839,Stephen Jankowski,0
Áncash,Asunción,Acochaca,74555401,Dennis Reyna,1
Áncash,Asunción,Acochaca,46995897,Theresa Waterer,0
Áncash,Asunción,Acochaca,57915816,Dennis Reyna,0
Áncash,Asunción,Acochaca,14206454,Robert Redmond,0
Áncash,Asunción,Acochaca,36006633,Paula Daigle,0
Áncash,Asunción,Acochaca,39454832,Dennis Reyna,0
Áncash,Asunción,Acochaca,28829616,Stephen Jankowski,0
Áncash,Asunción,Acochaca,22294959,Theresa Waterer,0
Áncash,Asunción,Acochaca,76968040,Dennis Reyna,0
Áncash,Asunción,Acochaca,37030449,Robert Redmond,0
Áncash,Asunción,Acochaca,35024654,Robert Redmond,1
Áncash,Asunción,Acochaca,63118141,Stephen Jankowski,1
Áncash,Asunción,Acochaca,46448529,Jamie Mitchell,0
Áncash,Asunción,Acochaca,46882352,Stephen Jankowski,0
Áncash,Asunción,Acochaca,24024970,Dennis Reyna,0
Áncash,Asunción,Acochaca,33228226,Jamie Mitchell,1
Áncash,Asunción,Acochaca,18421022,Jamie Mitchell,0
Áncash,Asunción,Acochaca,38873103,Paula Daigle,1
Áncash,Asunción,Acochaca,26191175,Dennis Reyna,0
Áncash,Asunción,Acochaca,24972551,Jamie Mitchell,0
Áncash,Asunción,Acochaca,67557109,Stephen Jankowski,1
Áncash,Asunción,Acochaca,47614805,Theresa Waterer,1
Áncash,Asunción,Acochaca,89707513,Stephen Jankowski,1
Áncash,Asunción,Acochaca,53340595,Paula Daigle,1
Áncash,Asunción,Acochaca,77026534,Aundrea Grace,0
Áncash,Asunción,Acochaca,64181476,Dennis Reyna,0
Áncash,Asunción,Acochaca,39441797,Stephen Jankowski,1
Áncash,Asunción,Acochaca,37652934,Paula Daigle,0
Áncash,Asunción,Acochaca,81776088,Theresa Waterer,0
Áncash,Asunción,Acochaca,41866129,Theresa Waterer,0
Áncash,Asunción,Acochaca,72213210,Aundrea Grace,1
Áncash,Asunción,Acochaca,70555546,Aundrea Grace,0
Áncash,Asunción,Acochaca,65872332,Paula Daigle,0
Áncash,Asunción,Acochaca,10394393,Eddie Hinesley,0
Áncash,Asunción,Acochaca,23898006,Eddie Hinesley,1
Áncash,Asunción,Acochaca,73003405,Jamie Mitchell,1
Áncash,Asunción,Acochaca,34584284,Stephen Jankowski,1
Áncash,Asunción,Acochaca,17534425,Theresa Waterer,0
Áncash,Asunción,Acochaca,51629104,Robert Redmond,1
Áncash,Asunción,Acochaca,28384119,Aundrea Grace,0
Áncash,Asunción,Acochaca,73664960,Aundrea Grace,1
Áncash,Asunción,Acochaca,19526203,Jamie Mitchell,1
Áncash,Asunción,Acochaca,26547957,Stephen Jankowski,1
Áncash,Asunción,Acochaca,78544157,Aundrea Grace,0
Áncash,Asunción,Acochaca,63982797,Stephen Jankowski,0
Áncash,Asunción,Acochaca,41939783,Paula Daigle,1
Áncash,Asunción,Acochaca,57853394,Stephen Jankowski,1
Áncash,Asunción,Acochaca,54392424,Eddie Hinesley,1
Áncash,Asunción,Acochaca,62114462,Robert Redmond,1
Áncash,Asunción,Acochaca,59882017,Aundrea Grace,0
Áncash,Asunción,Acochaca,78690900,Aundrea Grace,0
Áncash,Asunción,Acochaca,30194237,Robert Redmond,1
Áncash,Asunción,Acochaca,61010957,Dennis Reyna,1
Áncash,Asunción,Acochaca,43163768,Theresa Waterer,1
Áncash,Asunción,Acochaca,45830742,Aundrea Grace,0
Áncash,Asunción,Acochaca,88315113,Robert Redmond,1
Áncash,Asunción,Acochaca,81742177,Paula Daigle,1
Áncash,Asunción,Acochaca,21350958,Robert Redmond,1
Áncash,Asunción,Acochaca,41212034,Robert Redmond,1
Áncash,Asunción,Acochaca,22423468,Paula Daigle,1
Áncash,Asunción,Acochaca,43564405,Theresa Waterer,1
Áncash,Asunción,Acochaca,46514508,Theresa Waterer,1
Áncash,Asunción,Acochaca,67560500,Theresa Waterer,1
Áncash,Asunción,Acochaca,68240618,Eddie Hinesley,1
Áncash,Asunción,Acochaca,51177402,Eddie Hinesley,0
Áncash,Asunción,Acochaca,89103904,Stephen Jankowski,0
Áncash,Asunción,Acochaca,47100348,Jamie Mitchell,1
Áncash,Asunción,Acochaca,54844310,Robert Redmond,0
Áncash,Asunción,Acochaca,73658240,Theresa Waterer,0
Áncash,Asunción,Acochaca,83569958,Dennis Reyna,1
Áncash,Asunción,Acochaca,79196413,Dennis Reyna,0
Áncash,Asunción,Acochaca,53786869,Robert Redmond,0
Áncash,Asunción,Acochaca,61316888,Aundrea Grace,1
Áncash,Asunción,Acochaca,53129940,Paula Daigle,0
Áncash,Asunción,Acochaca,16875079,Robert Redmond,1
Áncash,Asunción,Acochaca,86345592,Stephen Jankowski,1
Áncash,Asunción,Acochaca,18478696,Aundrea Grace,1
Áncash,Asunción,Acochaca,83713802,Paula Daigle,0
Áncash,Asunción,Acochaca,10495622,Aundrea Grace,0
Áncash,Asunción,Acochaca,79123179,Theresa Waterer,1
Áncash,Asunción,Acochaca,55070571,Eddie Hinesley,0
Áncash,Asunción,Acochaca,81112947,Dennis Reyna,0
Áncash,Asunción,Acochaca,47258048,Aundrea Grace,1
Áncash,Asunción,Acochaca,13319346,Eddie Hinesley,0
Áncash,Asunción,Acochaca,74790310,Aundrea Grace,1
Áncash,Asunción,Acochaca,14356582,Paula Daigle,1
Áncash,Asunción,Acochaca,16364107,Stephen Jankowski,1
Áncash,Asunción,Acochaca,11355509,Jamie Mitchell,1
Áncash,Asunción,Acochaca,80976830,Paula Daigle,0
Áncash,Asunción,Acochaca,86228620,Stephen Jankowski,1
Áncash,Asunción,Acochaca,51622076,Aundrea Grace,0
Áncash,Asunción,Acochaca,66229455,Aundrea Grace,0
Áncash,Asunción,Acochaca,81906571,Dennis Reyna,0
Áncash,Asunción,Acochaca,59958377,Paula Daigle,0
Áncash,Asunción,Acochaca,29575051,Jamie Mitchell,0
Áncash,Asunción,Acochaca,86918142,Dennis Reyna,0
Áncash,Asunción,Acochaca,23160383,Theresa Waterer,1
Áncash,Asunción,Acochaca,64709192,Robert Redmond,1
Áncash,Asunción,Acochaca,42914864,Eddie Hinesley,1
Áncash,Asunción,Acochaca,46870877,Robert Redmond,0
Áncash,Asunción,Acochaca,13377599,Dennis Reyna,1
Áncash,Asunción,Acochaca,79282182,Paula Daigle,1
Áncash,Asunción,Acochaca,77544653,Jamie Mitchell,1
Áncash,Asunción,Acochaca,11939059,Theresa Waterer,1
Áncash,Asunción,Acochaca,45092355,Stephen Jankowski,1
Áncash,Asunción,Acochaca,89781984,Jamie Mitchell,1
Áncash,Asunción,Acochaca,26204964,Paula Daigle,1
Áncash,Asunción,Acochaca,34285450,Stephen Jankowski,1
Áncash,Asunción,Acochaca,18333465,Stephen Jankowski,0
Áncash,Asunción,Acochaca,62867542,Theresa Waterer,1
Áncash,Asunción,Acochaca,25624444,Stephen Jankowski,1
Áncash,Asunción,Acochaca,14706911,Stephen Jankowski,0
Áncash,Asunción,Acochaca,49282846,Stephen Jankowski,0
Áncash,Asunción,Acochaca,83768940,Jamie Mitchell,0
Áncash,Asunción,Acochaca,72972260,Robert Redmond,1
Áncash,Asunción,Acochaca,40321628,Stephen Jankowski,1
Áncash,Asunción,Acochaca,84076270,Aundrea Grace,1
Áncash,Asunción,Acochaca,75217615,Aundrea Grace,0
Áncash,Asunción,Acochaca,27604467,Jamie Mitchell,1
Áncash,Asunción,Acochaca,83414615,Aundrea Grace,1
Áncash,Asunción,Acochaca,79564976,Jamie Mitchell,1
Áncash,Asunción,Acochaca,44812005,Eddie Hinesley,1
Áncash,Asunción,Acochaca,42084176,Aundrea Grace,1
Áncash,Asunción,Acochaca,47643815,Jamie Mitchell,1
Áncash,Asunción,Acochaca,58412758,Stephen Jankowski,0
Áncash,Asunción,Acochaca,54883710,Robert Redmond,0
Áncash,Asunción,Acochaca,49071353,Robert Redmond,0
Áncash,Asunción,Acochaca,58285904,Jamie Mitchell,0
Áncash,Asunción,Acochaca,53559711,Jamie Mitchell,0
Áncash,Asunción,Acochaca,82487858,Eddie Hinesley,1
Áncash,Asunción,Acochaca,72472188,Jamie Mitchell,0
Áncash,Asunción,Acochaca,61348659,Paula Daigle,0
Áncash,Asunción,Acochaca,78519048,Jamie Mitchell,1
Áncash,Asunción,Acochaca,54221762,Dennis Reyna,1
Áncash,Asunción,Acochaca,76282865,Aundrea Grace,1
Áncash,Asunción,Acochaca,19657228,Dennis Reyna,1
Áncash,Asunción,Acochaca,43633481,Stephen Jankowski,1
Áncash,Asunción,Acochaca,81087009,Theresa Waterer,0
Áncash,Asunción,Acochaca,16355006,Jamie Mitchell,1
Áncash,Asunción,Acochaca,70713689,Paula Daigle,0
Áncash,Asunción,Acochaca,76560574,Robert Redmond,0
Áncash,Asunción,Acochaca,53490273,Aundrea Grace,1
Áncash,Asunción,Acochaca,60580010,Eddie Hinesley,0
Áncash,Asunción,Acochaca,45931535,Paula Daigle,1
Áncash,Asunción,Acochaca,39597351,Dennis Reyna,0
Áncash,Asunción,Acochaca,61587984,Robert Redmond,1
Áncash,Asunción,Acochaca,13645145,Theresa Waterer,0
Áncash,Asunción,Acochaca,82567183,Jamie Mitchell,1
Áncash,Asunción,Acochaca,85460180,Dennis Reyna,1
Áncash,Asunción,Acochaca,28316879,Paula Daigle,1
Áncash,Asunción,Acochaca,10830212,Eddie Hinesley,0
Áncash,Asunción,Acochaca,51485802,Dennis Reyna,1
Áncash,Asunción,Acochaca,41201118,Paula Daigle,0
Áncash,Asunción,Acochaca,14171141,Dennis Reyna,0
Áncash,Asunción,Acochaca,55283155,Stephen Jankowski,1
Áncash,Asunción,Acochaca,16411277,Paula Daigle,0
Áncash,Asunción,Acochaca,29569700,Aundrea Grace,1
Áncash,Asunción,Acochaca,54643553,Aundrea Grace,0
Áncash,Asunción,Acochaca,61199215,Jamie Mitchell,1
Áncash,Asunción,Acochaca,57052886,Eddie Hinesley,1
Áncash,Asunción,Acochaca,22716389,Robert Redmond,0
Áncash,Asunción,Acochaca,52641808,Aundrea Grace,1
Áncash,Asunción,Acochaca,35763190,Paula Daigle,0
Áncash,Asunción,Acochaca,57966558,Eddie Hinesley,0
Áncash,Asunción,Acochaca,48255474,Aundrea Grace,0
Áncash,Asunción,Acochaca,56149012,Eddie Hinesley,1
Áncash,Asunción,Acochaca,24116765,Aundrea Grace,0
Áncash,Asunción,Acochaca,71898959,Jamie Mitchell,0
Áncash,Asunción,Acochaca,45123341,Eddie Hinesley,1
Áncash,Asunción,Acochaca,48759914,Dennis Reyna,0
Áncash,Asunción,Acochaca,47663052,Robert Redmond,1
Áncash,Asunción,Acochaca,26237379,Robert Redmond,0
Áncash,Asunción,Acochaca,80311603,Jamie Mitchell,1
Áncash,Asunción,Acochaca,66849029,Eddie Hinesley,1
Áncash,Asunción,Acochaca,62346183,Jamie Mitchell,1
Áncash,Asunción,Acochaca,54961897,Dennis Reyna,0
Áncash,Asunción,Acochaca,59718492,Dennis Reyna,1
Áncash,Asunción,Acochaca,27279344,Eddie Hinesley,1
Áncash,Asunción,Acochaca,13642636,Paula Daigle,0
Áncash,Asunción,Acochaca,72192456,Eddie Hinesley,1
Áncash,Asunción,Acochaca,25618391,Dennis Reyna,0
Áncash,Asunción,Acochaca,10251877,Theresa Waterer,1
Áncash,Asunción,Acochaca,49860789,Stephen Jankowski,0
Áncash,Asunción,Acochaca,80980110,Robert Redmond,1
Áncash,Asunción,Acochaca,51057567,Aundrea Grace,0
Áncash,Asunción,Acochaca,74411229,Theresa Waterer,0
Áncash,Asunción,Acochaca,68741471,Paula Daigle,0
Áncash,Asunción,Acochaca,20472977,Eddie Hinesley,0
Áncash,Asunción,Acochaca,56773331,Stephen Jankowski,0
Áncash,Asunción,Acochaca,27282108,Paula Daigle,0
Áncash,Asunción,Acochaca,64003713,Theresa Waterer,0
Áncash,Asunción,Acochaca,17181579,Aundrea Grace,1
Áncash,Asunción,Acochaca,50382333,Stephen Jankowski,0
Áncash,Asunción,Acochaca,46785149,Theresa Waterer,1
Áncash,Asunción,Acochaca,80725372,Jamie Mitchell,1
Áncash,Asunción,Acochaca,41453950,Dennis Reyna,1
Áncash,Asunción,Acochaca,33904039,Paula Daigle,0
Áncash,Asunción,Acochaca,80525827,Dennis Reyna,1
Áncash,Asunción,Acochaca,24642304,Jamie Mitchell,1
Áncash,Asunción,Acochaca,88046760,Dennis Reyna,0
Áncash,Asunción,Acochaca,69415639,Eddie Hinesley,1
Áncash,Asunción,Acochaca,61466442,Aundrea Grace,0
Áncash,Asunción,Acochaca,46473606,Theresa Waterer,0
Áncash,Asunción,Acochaca,74488300,Eddie Hinesley,1
Áncash,Asunción,Acochaca,63378206,Dennis Reyna,0
Áncash,Asunción,Acochaca,19834674,Jamie Mitchell,0
Áncash,Asunción,Acochaca,29682211,Paula Daigle,1
Áncash,Asunción,Acochaca,13782405,Aundrea Grace,0
Áncash,Asunción,Acochaca,65351069,Dennis Reyna,0
Áncash,Asunción,Acochaca,12399265,Jamie Mitchell,0
Áncash,Asunción,Acochaca,34076379,Jamie Mitchell,1
Áncash,Asunción,Acochaca,27276901,Stephen Jankowski,1
Áncash,Asunción,Acochaca,57298292,Jamie Mitchell,0
Áncash,Asunción,Acochaca,24539416,Eddie Hinesley,1
Áncash,Asunción,Acochaca,15932326,Aundrea Grace,1
Áncash,Asunción,Acochaca,88024055,Dennis Reyna,1
Áncash,Asunción,Acochaca,12350341,Stephen Jankowski,1
Áncash,Asunción,Acochaca,42221179,Stephen Jankowski,0
Áncash,Asunción,Acochaca,43993879,Stephen Jankowski,0
Áncash,Asunción,Acochaca,48938706,Jamie Mitchell,0
Áncash,Asunción,Acochaca,37581629,Aundrea Grace,1
Áncash,Asunción,Acochaca,26607119,Robert Redmond,1
Áncash,Asunción,Acochaca,34890197,Jamie Mitchell,1
Áncash,Asunción,Acochaca,35255400,Stephen Jankowski,0
Áncash,Asunción,Acochaca,75726072,Stephen Jankowski,0
Áncash,Asunción,Acochaca,68697985,Dennis Reyna,1
Áncash,Asunción,Acochaca,76536522,Aundrea Grace,1
Áncash,Asunción,Acochaca,78146537,Eddie Hinesley,0
Áncash,Asunción,Acochaca,10501150,Theresa Waterer,1
Áncash,Asunción,Acochaca,81492765,Aundrea Grace,0
Áncash,Asunción,Acochaca,22116735,Dennis Reyna,1
Áncash,Asunción,Acochaca,45813946,Stephen Jankowski,0
Áncash,Asunción,Acochaca,41190642,Aundrea Grace,1
Áncash,Asunción,Acochaca,27033381,Jamie Mitchell,1
Áncash,Asunción,Acochaca,47079350,Paula Daigle,0
Áncash,Asunción,Acochaca,82892968,Eddie Hinesley,1
Áncash,Asunción,Acochaca,41658158,Eddie Hinesley,0
Áncash,Asunción,Acochaca,83649053,Eddie Hinesley,1
Áncash,Asunción,Acochaca,51537990,Paula Daigle,0
Áncash,Asunción,Acochaca,71022484,Theresa Waterer,0
Áncash,Asunción,Acochaca,14211808,Robert Redmond,0
Áncash,Asunción,Acochaca,16387826,Dennis Reyna,1
Áncash,Asunción,Acochaca,54825675,Stephen Jankowski,0
Áncash,Asunción,Acochaca,85065713,Eddie Hinesley,1
Áncash,Asunción,Acochaca,31937756,Robert Redmond,0
Áncash,Asunción,Acochaca,87004550,Eddie Hinesley,0
Áncash,Asunción,Acochaca,25928585,Aundrea Grace,0
Áncash,Asunción,Acochaca,25393421,Stephen Jankowski,1
Áncash,Asunción,Acochaca,43630727,Aundrea Grace,1
Áncash,Asunción,Acochaca,67459361,Dennis Reyna,1
Áncash,Asunción,Acochaca,24617131,Aundrea Grace,0
Áncash,Asunción,Acochaca,82484306,Robert Redmond,1
Áncash,Asunción,Acochaca,45061758,Jamie Mitchell,0
Áncash,Asunción,Acochaca,64022427,Paula Daigle,1
Áncash,Asunción,Acochaca,11480643,Eddie Hinesley,0
Áncash,Asunción,Acochaca,14164702,Stephen Jankowski,1
Áncash,Asunción,Acochaca,12593644,Theresa Waterer,1
Áncash,Asunción,Acochaca,16303155,Theresa Waterer,1
Áncash,Asunción,Acochaca,23702808,Paula Daigle,0
Áncash,Asunción,Acochaca,18948888,Robert Redmond,0
Áncash,Asunción,Acochaca,11251872,Stephen Jankowski,1
Áncash,Asunción,Acochaca,85553609,Theresa Waterer,0
Áncash,Asunción,Acochaca,56524620,Stephen Jankowski,1
Áncash,Asunción,Acochaca,13124953,Theresa Waterer,0
Áncash,Asunción,Acochaca,51893342,Eddie Hinesley,0
Áncash,Asunción,Acochaca,21697777,Robert Redmond,0
Áncash,Asunción,Acochaca,16146778,Jamie Mitchell,0
Áncash,Asunción,Acochaca,32660342,Theresa Waterer,0
Áncash,Asunción,Acochaca,70008768,Jamie Mitchell,1
Áncash,Asunción,Acochaca,17410113,Eddie Hinesley,1
Áncash,Asunción,Acochaca,48050213,Theresa Waterer,1
Áncash,Asunción,Acochaca,55687373,Dennis Reyna,1
Áncash,Asunción,Acochaca,13682656,Robert Redmond,0
Áncash,Asunción,Acochaca,16716682,Theresa Waterer,1
Áncash,Asunción,Acochaca,14300545,Stephen Jankowski,0
Áncash,Asunción,Acochaca,88527830,Dennis Reyna,1
Áncash,Asunción,Acochaca,79522756,Robert Redmond,0
Áncash,Asunción,Acochaca,59000605,Aundrea Grace,0
Áncash,Asunción,Acochaca,44328548,Aundrea Grace,0
Áncash,Asunción,Acochaca,37341321,Paula Daigle,1
Áncash,Asunción,Acochaca,19019668,Theresa Waterer,0
Áncash,Asunción,Acochaca,56039641,Jamie Mitchell,1
Áncash,Asunción,Acochaca,88727537,Jamie Mitchell,0
Áncash,Asunción,Acochaca,66923134,Aundrea Grace,0
Áncash,Asunción,Acochaca,58214833,Jamie Mitchell,0
Áncash,Asunción,Acochaca,45188685,Dennis Reyna,1
Áncash,Asunción,Acochaca,80062304,Dennis Reyna,0
Áncash,Asunción,Acochaca,45593966,Jamie Mitchell,0
Áncash,Asunción,Acochaca,32187005,Robert Redmond,0
Áncash,Asunción,Acochaca,27268196,Aundrea Grace,1
Áncash,Asunción,Acochaca,35809738,Aundrea Grace,0
Áncash,Asunción,Acochaca,62998316,Aundrea Grace,1
Áncash,Asunción,Acochaca,49742363,Stephen Jankowski,1
Áncash,Asunción,Acochaca,59288748,Eddie Hinesley,1
Áncash,Asunción,Acochaca,29350529,Aundrea Grace,1
Áncash,Asunción,Acochaca,38031337,Robert Redmond,1
Áncash,Asunción,Acochaca,20033740,Dennis Reyna,1
Áncash,Asunción,Acochaca,39633836,Dennis Reyna,1
Áncash,Asunción,Acochaca,52701147,Eddie Hinesley,0
Áncash,Asunción,Acochaca,38814624,Paula Daigle,0
Áncash,Asunción,Acochaca,54909720,Aundrea Grace,1
Áncash,Asunción,Acochaca,50773405,Theresa Waterer,1
Áncash,Asunción,Acochaca,76900470,Stephen Jankowski,0
Áncash,Asunción,Acochaca,45527810,Jamie Mitchell,0
Áncash,Asunción,Acochaca,25386328,Jamie Mitchell,0
Áncash,Asunción,Acochaca,39476673,Robert Redmond,1
Áncash,Asunción,Acochaca,20165187,Jamie Mitchell,0
Áncash,Asunción,Acochaca,52945328,Stephen Jankowski,0
Áncash,Asunción,Acochaca,41011096,Theresa Waterer,1
Áncash,Asunción,Acochaca,31196769,Stephen Jankowski,0
Áncash,Asunción,Acochaca,82750712,Robert Redmond,1
Áncash,Asunción,Acochaca,53265986,Theresa Waterer,0
Áncash,Asunción,Acochaca,89897945,Eddie Hinesley,0
Áncash,Asunción,Acochaca,82220974,Aundrea Grace,1
Áncash,Asunción,Acochaca,25541858,Aundrea Grace,0
Áncash,Asunción,Acochaca,57098067,Stephen Jankowski,1
Áncash,Asunción,Acochaca,39313442,Theresa Waterer,1
Áncash,Asunción,Acochaca,32435947,Stephen Jankowski,0
Áncash,Asunción,Acochaca,58894294,Dennis Reyna,0
Áncash,Asunción,Acochaca,43182674,Robert Redmond,0
Áncash,Asunción,Acochaca,40912048,Jamie Mitchell,1
Áncash,Asunción,Acochaca,33147702,Aundrea Grace,1
Áncash,Asunción,Acochaca,16994767,Theresa Waterer,0
Áncash,Asunción,Acochaca,83128740,Jamie Mitchell,0
Áncash,Asunción,Acochaca,41080387,Dennis Reyna,1
Áncash,Asunción,Acochaca,48703529,Dennis Reyna,1
Áncash,Asunción,Acochaca,81439671,Aundrea Grace,0
Áncash,Asunción,Acochaca,60688608,Stephen Jankowski,1
Áncash,Asunción,Acochaca,41476948,Paula Daigle,0
Áncash,Asunción,Acochaca,82460462,Paula Daigle,1
Áncash,Asunción,Acochaca,78849573,Dennis Reyna,1
Áncash,Asunción,Acochaca,89902023,Jamie Mitchell,0
Áncash,Asunción,Acochaca,51130954,Theresa Waterer,1
Áncash,Asunción,Acochaca,70141858,Robert Redmond,1
Áncash,Asunción,Acochaca,20932248,Aundrea Grace,1
Áncash,Asunción,Acochaca,18424602,Dennis Reyna,1
Áncash,Asunción,Acochaca,51300982,Dennis Reyna,0
Áncash,Asunción,Acochaca,19722129,Dennis Reyna,1
Áncash,Asunción,Acochaca,73230893,Jamie Mitchell,0
Áncash,Asunción,Acochaca,68922690,Paula Daigle,0
Áncash,Asunción,Acochaca,55319790,Paula Daigle,1
Áncash,Asunción,Acochaca,86508787,Aundrea Grace,1
Áncash,Asunción,Acochaca,29812934,Theresa Waterer,0
Áncash,Asunción,Acochaca,29168568,Jamie Mitchell,0
Áncash,Asunción,Acochaca,82893100,Paula Daigle,1
Áncash,Asunción,Acochaca,15861198,Eddie Hinesley,1
Áncash,Asunción,Acochaca,58387151,Stephen Jankowski,0
Áncash,Asunción,Acochaca,33694475,Eddie Hinesley,0
Áncash,Asunción,Acochaca,62377356,Aundrea Grace,0
Áncash,Asunción,Acochaca,13566084,Robert Redmond,1
Áncash,Asunción,Acochaca,82889608,Theresa Waterer,0
Áncash,Asunción,Acochaca,22033700,Stephen Jankowski,1
Áncash,Asunción,Acochaca,27189319,Stephen Jankowski,1
Áncash,Asunción,Acochaca,54368066,Aundrea Grace,0
Áncash,Asunción,Acochaca,75033281,Dennis Reyna,1
Áncash,Asunción,Acochaca,76176844,Dennis Reyna,0
Áncash,Asunción,Acochaca,71045592,Eddie Hinesley,0
Áncash,Asunción,Acochaca,56908176,Jamie Mitchell,0
Áncash,Asunción,Acochaca,69918227,Jamie Mitchell,1
Áncash,Asunción,Acochaca,42181544,Eddie Hinesley,1
Áncash,Asunción,Acochaca,13247307,Eddie Hinesley,0
Áncash,Asunción,Acochaca,21799365,Aundrea Grace,1
Áncash,Asunción,Acochaca,53010169,Aundrea Grace,0
Áncash,Asunción,Acochaca,56645583,Jamie Mitchell,1
Áncash,Asunción,Acochaca,69147272,Robert Redmond,0
Áncash,Asunción,Acochaca,72013301,Eddie Hinesley,0
Áncash,Asunción,Acochaca,28682955,Robert Redmond,1
Áncash,Asunción,Acochaca,35990194,Stephen Jankowski,0
Áncash,Asunción,Acochaca,13813717,Dennis Reyna,0
Áncash,Asunción,Acochaca,59089821,Paula Daigle,0
Áncash,Asunción,Acochaca,86117049,Stephen Jankowski,0
Áncash,Asunción,Acochaca,78614585,Aundrea Grace,1
Áncash,Asunción,Acochaca,46602231,Paula Daigle,0
Áncash,Asunción,Acochaca,86418697,Robert Redmond,1
Áncash,Asunción,Acochaca,85957204,Aundrea Grace,0
Áncash,Asunción,Acochaca,18996817,Eddie Hinesley,0
Áncash,Asunción,Acochaca,67482585,Dennis Reyna,0
Áncash,Asunción,Acochaca,36200661,Paula Daigle,0
Áncash,Asunción,Acochaca,55917451,Paula Daigle,0
Áncash,Asunción,Acochaca,14583813,Robert Redmond,0
Áncash,Asunción,Acochaca,73571591,Jamie Mitchell,0
Áncash,Asunción,Acochaca,28695442,Eddie Hinesley,1
Áncash,Asunción,Acochaca,73014299,Stephen Jankowski,1
Áncash,Asunción,Acochaca,17143771,Dennis Reyna,1
Áncash,Asunción,Acochaca,72776316,Stephen Jankowski,0
Áncash,Asunción,Acochaca,50265999,Paula Daigle,1
Áncash,Asunción,Acochaca,31064001,Paula Daigle,0
Áncash,Asunción,Acochaca,74328594,Jamie Mitchell,1
Áncash,Asunción,Acochaca,43954341,Robert Redmond,1
Áncash,Asunción,Acochaca,29734465,Jamie Mitchell,0
Áncash,Asunción,Acochaca,33580981,Aundrea Grace,1
Áncash,Asunción,Acochaca,46968871,Paula Daigle,0
Áncash,Asunción,Acochaca,14261685,Paula Daigle,0
Áncash,Asunción,Acochaca,72547409,Aundrea Grace,1
Áncash,Asunción,Acochaca,46736785,Aundrea Grace,0
Áncash,Asunción,Acochaca,43929097,Theresa Waterer,1
Áncash,Asunción,Acochaca,34105650,Stephen Jankowski,1
Áncash,Asunción,Acochaca,66280492,Stephen Jankowski,0
Áncash,Asunción,Acochaca,50730491,Theresa Waterer,1
Áncash,Asunción,Acochaca,62814225,Aundrea Grace,0
Áncash,Asunción,Acochaca,53244993,Paula Daigle,0
Áncash,Asunción,Acochaca,59152747,Paula Daigle,1
Áncash,Asunción,Acochaca,54527304,Robert Redmond,1
Áncash,Asunción,Acochaca,63434415,Aundrea Grace,0
Áncash,Asunción,Acochaca,63457819,Eddie Hinesley,0
Áncash,Asunción,Acochaca,28339499,Theresa Waterer,1
Áncash,Asunción,Acochaca,19716429,Robert Redmond,0
Áncash,Asunción,Acochaca,89757143,Stephen Jankowski,1
Áncash,Asunción,Acochaca,23387418,Jamie Mitchell,1
Áncash,Asunción,Acochaca,12358444,Dennis Reyna,0
Áncash,Asunción,Acochaca,74621959,Robert Redmond,1
Áncash,Asunción,Acochaca,26112095,Aundrea Grace,1
Áncash,Asunción,Acochaca,23068955,Aundrea Grace,0
Áncash,Asunción,Acochaca,30797822,Jamie Mitchell,0
Áncash,Asunción,Acochaca,11656908,Robert Redmond,1
Áncash,Asunción,Acochaca,33872611,Theresa Waterer,0
Áncash,Asunción,Acochaca,43642809,Jamie Mitchell,1
Áncash,Asunción,Acochaca,51897371,Dennis Reyna,1
Áncash,Asunción,Acochaca,18611362,Jamie Mitchell,1
Áncash,Asunción,Acochaca,46535673,Theresa Waterer,1
Áncash,Asunción,Acochaca,40810062,Eddie Hinesley,0
Áncash,Asunción,Acochaca,57533597,Eddie Hinesley,1
Áncash,Asunción,Acochaca,86777322,Aundrea Grace,1
Áncash,Asunción,Acochaca,23017965,Aundrea Grace,1
Áncash,Asunción,Acochaca,88004971,Dennis Reyna,1
Áncash,Asunción,Acochaca,56669618,Paula Daigle,1
Áncash,Asunción,Acochaca,74152935,Aundrea Grace,0
Áncash,Asunción,Acochaca,30403721,Dennis Reyna,1
Áncash,Asunción,Acochaca,84379329,Stephen Jankowski,1
Áncash,Asunción,Acochaca,33434510,Paula Daigle,1
Áncash,Asunción,Acochaca,28060414,Theresa Waterer,0
Áncash,Asunción,Acochaca,41091705,Stephen Jankowski,1
Áncash,Asunción,Acochaca,14873935,Jamie Mitchell,0
Áncash,Asunción,Acochaca,62330066,Jamie Mitchell,0
Áncash,Asunción,Acochaca,17378627,Eddie Hinesley,1
Áncash,Asunción,Acochaca,23101275,Stephen Jankowski,0
Áncash,Asunción,Acochaca,40347460,Eddie Hinesley,0
Áncash,Asunción,Acochaca,69645946,Jamie Mitchell,0
Áncash,Asunción,Acochaca,52040901,Theresa Waterer,0
Áncash,Asunción,Acochaca,61508627,Paula Daigle,0
Áncash,Asunción,Acochaca,13218489,Dennis Reyna,1
Áncash,Asunción,Acochaca,53045129,Eddie Hinesley,1
Áncash,Asunción,Acochaca,44506664,Eddie Hinesley,0
Áncash,Asunción,Acochaca,37692207,Paula Daigle,1
Áncash,Asunción,Acochaca,20600465,Eddie Hinesley,1
Áncash,Asunción,Acochaca,73375466,Jamie Mitchell,1
Áncash,Asunción,Acochaca,27413444,Aundrea Grace,1
Áncash,Asunción,Acochaca,85221021,Robert Redmond,1
Áncash,Asunción,Acochaca,43509541,Dennis Reyna,1
Áncash,Asunción,Acochaca,78715212,Jamie Mitchell,1
Áncash,Asunción,Acochaca,55493521,Stephen Jankowski,0
Áncash,Asunción,Acochaca,68572128,Robert Redmond,0
Áncash,Asunción,Acochaca,20147048,Aundrea Grace,0
Áncash,Asunción,Acochaca,75463272,Eddie Hinesley,1
Áncash,Asunción,Acochaca,28527987,Aundrea Grace,1
Áncash,Asunción,Acochaca,29440829,Eddie Hinesley,0
Áncash,Asunción,Acochaca,70964977,Stephen Jankowski,1
Áncash,Asunción,Acochaca,31678030,Eddie Hinesley,1
Áncash,Asunción,Acochaca,86518158,Dennis Reyna,1
Áncash,Asunción,Acochaca,79009081,Dennis Reyna,0
Áncash,Asunción,Acochaca,11783863,Stephen Jankowski,1
Áncash,Asunción,Acochaca,77953857,Paula Daigle,1
Áncash,Asunción,Acochaca,58252777,Stephen Jankowski,1
Áncash,Asunción,Acochaca,14731227,Robert Redmond,0
Áncash,Asunción,Acochaca,67779271,Aundrea Grace,0
Áncash,Asunción,Acochaca,55403664,Dennis Reyna,0
Áncash,Asunción,Acochaca,72467036,Dennis Reyna,1
Áncash,Asunción,Acochaca,78048088,Robert Redmond,0
Áncash,Asunción,Acochaca,40968237,Aundrea Grace,0
Áncash,Asunción,Acochaca,27386125,Dennis Reyna,1
Áncash,Asunción,Acochaca,57990106,Paula Daigle,0
Áncash,Asunción,Acochaca,39098258,Stephen Jankowski,0
Áncash,Asunción,Acochaca,54635453,Aundrea Grace,1
Áncash,Asunción,Acochaca,24058299,Jamie Mitchell,1
Áncash,Asunción,Acochaca,58545818,Theresa Waterer,0
Áncash,Asunción,Acochaca,79433186,Theresa Waterer,1
Áncash,Asunción,Acochaca,86807129,Robert Redmond,0
Áncash,Asunción,Acochaca,83992248,Theresa Waterer,1
Áncash,Asunción,Acochaca,31724605,Stephen Jankowski,0
Áncash,Asunción,Acochaca,75478681,Robert Redmond,1
Áncash,Asunción,Acochaca,64495835,Paula Daigle,0
Áncash,Asunción,Acochaca,50338627,Jamie Mitchell,0
Áncash,Asunción,Acochaca,17955869,Stephen Jankowski,0
Áncash,Asunción,Acochaca,11348590,Jamie Mitchell,1
Áncash,Asunción,Acochaca,71753178,Eddie Hinesley,1
Áncash,Asunción,Acochaca,87319541,Eddie Hinesley,1
Áncash,Asunción,Acochaca,50244320,Paula Daigle,1
Áncash,Asunción,Acochaca,68261852,Eddie Hinesley,1
Áncash,Asunción,Acochaca,60368100,Stephen Jankowski,0
Áncash,Asunción,Acochaca,63869083,Aundrea Grace,1
Áncash,Asunción,Acochaca,51713345,Jamie Mitchell,1
Áncash,Asunción,Acochaca,84899806,Dennis Reyna,0
Áncash,Asunción,Acochaca,30100594,Theresa Waterer,0
Áncash,Asunción,Acochaca,13482123,Aundrea Grace,1
Áncash,Asunción,Acochaca,25160276,Robert Redmond,1
Áncash,Asunción,Acochaca,88820905,Aundrea Grace,1
Áncash,Asunción,Acochaca,15322184,Eddie Hinesley,0
Áncash,Asunción,Acochaca,18802707,Theresa Waterer,1
Áncash,Asunción,Acochaca,66704174,Theresa Waterer,0
Áncash,Asunción,Acochaca,36186545,Robert Redmond,1
Áncash,Asunción,Acochaca,87309932,Jamie Mitchell,1
Áncash,Asunción,Acochaca,48111580,Stephen Jankowski,1
Áncash,Asunción,Acochaca,87348606,Aundrea Grace,1
Áncash,Asunción,Acochaca,22132901,Jamie Mitchell,0
Áncash,Asunción,Acochaca,23072927,Robert Redmond,0
Áncash,Asunción,Acochaca,11103665,Paula Daigle,0
Áncash,Asunción,Acochaca,44208089,Theresa Waterer,0
Áncash,Asunción,Acochaca,54383442,Robert Redmond,1
Áncash,Asunción,Acochaca,66866666,Eddie Hinesley,1
Áncash,Asunción,Acochaca,68458369,Jamie Mitchell,1
Áncash,Asunción,Acochaca,66478805,Dennis Reyna,0
Áncash,Asunción,Acochaca,20636598,Dennis Reyna,1
Áncash,Asunción,Acochaca,53613647,Eddie Hinesley,0
Áncash,Asunción,Acochaca,10581238,Paula Daigle,0
Áncash,Asunción,Acochaca,84335268,Stephen Jankowski,1
Áncash,Asunción,Acochaca,50503035,Dennis Reyna,0
Áncash,Asunción,Acochaca,47578093,Dennis Reyna,1
Áncash,Asunción,Acochaca,59720432,Dennis Reyna,0
Áncash,Asunción,Acochaca,61646245,Aundrea Grace,0
Áncash,Asunción,Acochaca,38223560,Eddie Hinesley,0
Áncash,Asunción,Acochaca,85071302,Stephen Jankowski,1
Áncash,Asunción,Acochaca,21116168,Eddie Hinesley,0
Áncash,Asunción,Acochaca,70226906,Dennis Reyna,0
Áncash,Asunción,Acochaca,11726186,Robert Redmond,0
Áncash,Asunción,Acochaca,74218150,Paula Daigle,0
Áncash,Asunción,Acochaca,77955784,Dennis Reyna,0
Áncash,Asunción,Acochaca,48344429,Eddie Hinesley,0
Áncash,Asunción,Acochaca,14824599,Robert Redmond,1
Áncash,Asunción,Acochaca,50558567,Robert Redmond,0
Áncash,Asunción,Acochaca,75376247,Dennis Reyna,0
Áncash,Asunción,Acochaca,71742669,Eddie Hinesley,1
Áncash,Asunción,Acochaca,14715602,Eddie Hinesley,0
